[{"model": "admin.logentry", "pk": 1, "fields": {"action_time": "2023-05-16T13:31:59.800Z", "user": 1, "content_type": 7, "object_id": "1", "object_repr": "Computers", "action_flag": 1, "change_message": "[{\"added\": {}}]"}}, {"model": "admin.logentry", "pk": 2, "fields": {"action_time": "2023-05-16T13:32:29.367Z", "user": 1, "content_type": 9, "object_id": "1", "object_repr": "Computers — keyboard", "action_flag": 1, "change_message": "[{\"added\": {}}]"}}, {"model": "admin.logentry", "pk": 3, "fields": {"action_time": "2023-05-16T13:32:49.886Z", "user": 1, "content_type": 8, "object_id": "1", "object_repr": "Computers — keyboard: Клавиатука", "action_flag": 1, "change_message": "[{\"added\": {}}]"}}, {"model": "admin.logentry", "pk": 4, "fields": {"action_time": "2023-05-16T13:33:10.307Z", "user": 1, "content_type": 8, "object_id": "1", "object_repr": "Computers — keyboard: klava", "action_flag": 2, "change_message": "[{\"changed\": {\"fields\": [\"\\u0417\\u0430\\u0433\\u043e\\u043b\\u043e\\u0432\\u043e\\u043a\"]}}]"}}, {"model": "admin.logentry", "pk": 5, "fields": {"action_time": "2023-05-16T13:33:16.211Z", "user": 1, "content_type": 8, "object_id": "1", "object_repr": "Computers — keyboard: klava", "action_flag": 2, "change_message": "[{\"changed\": {\"fields\": [\"URL\"]}}]"}}, {"model": "admin.logentry", "pk": 6, "fields": {"action_time": "2023-05-16T13:33:25.490Z", "user": 1, "content_type": 8, "object_id": "1", "object_repr": "Computers — keyboard: клавиатурка", "action_flag": 2, "change_message": "[{\"changed\": {\"fields\": [\"\\u0417\\u0430\\u0433\\u043e\\u043b\\u043e\\u0432\\u043e\\u043a\"]}}]"}}, {"model": "admin.logentry", "pk": 7, "fields": {"action_time": "2023-05-16T13:33:26.923Z", "user": 1, "content_type": 8, "object_id": "1", "object_repr": "Computers — keyboard: клавиатурка", "action_flag": 2, "change_message": "[]"}}, {"model": "admin.logentry", "pk": 8, "fields": {"action_time": "2023-05-16T14:28:20.491Z", "user": 1, "content_type": 13, "object_id": "1", "object_repr": "123", "action_flag": 1, "change_message": "[{\"added\": {}}]"}}, {"model": "admin.logentry", "pk": 9, "fields": {"action_time": "2023-05-16T15:19:36.602Z", "user": 1, "content_type": 7, "object_id": "1", "object_repr": "Товари для геймерів", "action_flag": 2, "change_message": "[{\"changed\": {\"fields\": [\"\\u0417\\u0430\\u0433\\u043e\\u043b\\u043e\\u0432\\u043e\\u043a\"]}}]"}}, {"model": "admin.logentry", "pk": 10, "fields": {"action_time": "2023-05-16T15:19:53.705Z", "user": 1, "content_type": 7, "object_id": "1", "object_repr": "Товари для геймерів", "action_flag": 2, "change_message": "[{\"changed\": {\"fields\": [\"URL\"]}}]"}}, {"model": "admin.logentry", "pk": 11, "fields": {"action_time": "2023-05-16T15:19:58.964Z", "user": 1, "content_type": 7, "object_id": "1", "object_repr": "Товари для геймерів", "action_flag": 2, "change_message": "[{\"changed\": {\"fields\": [\"URL\"]}}]"}}, {"model": "admin.logentry", "pk": 12, "fields": {"action_time": "2023-05-16T15:20:04.822Z", "user": 1, "content_type": 7, "object_id": "1", "object_repr": "Товари для геймерів", "action_flag": 2, "change_message": "[{\"changed\": {\"fields\": [\"URL\"]}}]"}}, {"model": "admin.logentry", "pk": 13, "fields": {"action_time": "2023-05-16T15:20:41.324Z", "user": 1, "content_type": 9, "object_id": "1", "object_repr": "Товари для геймерів — Миші", "action_flag": 2, "change_message": "[{\"changed\": {\"fields\": [\"\\u0417\\u0430\\u0433\\u043e\\u043b\\u043e\\u0432\\u043e\\u043a\", \"URL\"]}}]"}}, {"model": "admin.logentry", "pk": 14, "fields": {"action_time": "2023-05-16T15:37:07.083Z", "user": 1, "content_type": 8, "object_id": "1", "object_repr": "Товари для геймерів — Миші: клавиатурка", "action_flag": 3, "change_message": ""}}, {"model": "admin.logentry", "pk": 15, "fields": {"action_time": "2023-05-16T16:01:09.758Z", "user": 1, "content_type": 8, "object_id": "42", "object_repr": "Товари для геймерів — Миші: Logitech G305 Lightspeed Wireless Lilac (910-006022)", "action_flag": 3, "change_message": ""}}, {"model": "admin.logentry", "pk": 16, "fields": {"action_time": "2023-05-16T16:01:09.762Z", "user": 1, "content_type": 8, "object_id": "41", "object_repr": "Товари для геймерів — Миші: Logitech G PRO X Superlight Wireless Red (910-006784)", "action_flag": 3, "change_message": ""}}, {"model": "admin.logentry", "pk": 17, "fields": {"action_time": "2023-05-16T16:01:09.764Z", "user": 1, "content_type": 8, "object_id": "40", "object_repr": "Товари для геймерів — Миші: Logitech G502 X White (910-006146)", "action_flag": 3, "change_message": ""}}, {"model": "admin.logentry", "pk": 18, "fields": {"action_time": "2023-05-16T16:01:09.766Z", "user": 1, "content_type": 8, "object_id": "39", "object_repr": "Товари для геймерів — Миші: Logitech G305 Lightspeed Wireless Black (910-005282)", "action_flag": 3, "change_message": ""}}, {"model": "admin.logentry", "pk": 19, "fields": {"action_time": "2023-05-16T16:01:09.768Z", "user": 1, "content_type": 8, "object_id": "38", "object_repr": "Товари для геймерів — Миші: Logitech G102 Lightsync Lilac (910-005854)", "action_flag": 3, "change_message": ""}}, {"model": "admin.logentry", "pk": 20, "fields": {"action_time": "2023-05-16T16:01:09.770Z", "user": 1, "content_type": 8, "object_id": "37", "object_repr": "Товари для геймерів — Миші: Hator Pulsar Wireless Black (HTM-315)", "action_flag": 3, "change_message": ""}}, {"model": "admin.logentry", "pk": 21, "fields": {"action_time": "2023-05-16T16:01:09.772Z", "user": 1, "content_type": 8, "object_id": "36", "object_repr": "Товари для геймерів — Миші: Logitech G102 Lightsync White (910-005824)", "action_flag": 3, "change_message": ""}}, {"model": "admin.logentry", "pk": 22, "fields": {"action_time": "2023-05-16T16:01:09.774Z", "user": 1, "content_type": 8, "object_id": "35", "object_repr": "Товари для геймерів — Миші: Hator Pulsar Wireless White (HTM-316)", "action_flag": 3, "change_message": ""}}, {"model": "admin.logentry", "pk": 23, "fields": {"action_time": "2023-05-16T16:01:09.775Z", "user": 1, "content_type": 8, "object_id": "34", "object_repr": "Товари для геймерів — Миші: Logitech G PRO X Superlight Wireless White (910-005942)", "action_flag": 3, "change_message": ""}}, {"model": "admin.logentry", "pk": 24, "fields": {"action_time": "2023-05-16T16:01:09.777Z", "user": 1, "content_type": 8, "object_id": "33", "object_repr": "Товари для геймерів — Миші: Logitech G PRO Wireless (910-005272)", "action_flag": 3, "change_message": ""}}, {"model": "admin.logentry", "pk": 25, "fields": {"action_time": "2023-05-16T16:01:09.779Z", "user": 1, "content_type": 8, "object_id": "32", "object_repr": "Товари для геймерів — Миші: Logitech G102 Lightsync Black (910-005823)", "action_flag": 3, "change_message": ""}}, {"model": "admin.logentry", "pk": 26, "fields": {"action_time": "2023-05-16T16:01:09.780Z", "user": 1, "content_type": 8, "object_id": "31", "object_repr": "Товари для геймерів — Миші: Logitech G PRO X Superlight Wireless Magenta (910-005956)", "action_flag": 3, "change_message": ""}}, {"model": "admin.logentry", "pk": 27, "fields": {"action_time": "2023-05-16T16:01:09.783Z", "user": 1, "content_type": 8, "object_id": "30", "object_repr": "Товари для геймерів — Миші: Hator Pulsar Essential (HTM-312)", "action_flag": 3, "change_message": ""}}, {"model": "admin.logentry", "pk": 28, "fields": {"action_time": "2023-05-16T16:01:09.785Z", "user": 1, "content_type": 8, "object_id": "29", "object_repr": "Товари для геймерів — Миші: Razer Viper Ultimate & Mouse Dock (RZ01-03050100-R3G1)", "action_flag": 3, "change_message": ""}}, {"model": "admin.logentry", "pk": 29, "fields": {"action_time": "2023-05-16T16:01:09.788Z", "user": 1, "content_type": 8, "object_id": "28", "object_repr": "Товари для геймерів — Миші: Hator Quasar Wireless Black (HTM-420)", "action_flag": 3, "change_message": ""}}, {"model": "admin.logentry", "pk": 30, "fields": {"action_time": "2023-05-16T16:01:09.791Z", "user": 1, "content_type": 8, "object_id": "27", "object_repr": "Товари для геймерів — Миші: Razer Basilisk X Hyperspeed (RZ01-03150100-R3G1)", "action_flag": 3, "change_message": ""}}, {"model": "admin.logentry", "pk": 31, "fields": {"action_time": "2023-05-16T16:01:09.793Z", "user": 1, "content_type": 8, "object_id": "26", "object_repr": "Товари для геймерів — Миші: Razer DeathAdder V2 (RZ01-03210100-R3M1)", "action_flag": 3, "change_message": ""}}, {"model": "admin.logentry", "pk": 32, "fields": {"action_time": "2023-05-16T16:01:09.796Z", "user": 1, "content_type": 8, "object_id": "25", "object_repr": "Товари для геймерів — Миші: Logitech G PRO X Superlight Wireless Black (910-005880)", "action_flag": 3, "change_message": ""}}, {"model": "admin.logentry", "pk": 33, "fields": {"action_time": "2023-05-16T16:01:09.798Z", "user": 1, "content_type": 8, "object_id": "24", "object_repr": "Товари для геймерів — Миші: Razer DeathAdder Essential (RZ01-03850100-R3M1)", "action_flag": 3, "change_message": ""}}, {"model": "admin.logentry", "pk": 34, "fields": {"action_time": "2023-05-16T16:01:09.800Z", "user": 1, "content_type": 8, "object_id": "23", "object_repr": "Товари для геймерів — Миші: ASUS ROG Gladius III AimPoint RGB White (90MP02Y0-BMUA10)", "action_flag": 3, "change_message": ""}}, {"model": "admin.logentry", "pk": 35, "fields": {"action_time": "2023-05-16T16:01:09.802Z", "user": 1, "content_type": 8, "object_id": "22", "object_repr": "Товари для геймерів — Миші: Logitech G305 Lightspeed Wireless Lilac (910-006022)", "action_flag": 3, "change_message": ""}}, {"model": "admin.logentry", "pk": 36, "fields": {"action_time": "2023-05-16T16:01:09.804Z", "user": 1, "content_type": 8, "object_id": "21", "object_repr": "Товари для геймерів — Миші: Logitech G PRO X Superlight Wireless Red (910-006784)", "action_flag": 3, "change_message": ""}}, {"model": "admin.logentry", "pk": 37, "fields": {"action_time": "2023-05-16T16:01:09.806Z", "user": 1, "content_type": 8, "object_id": "20", "object_repr": "Товари для геймерів — Миші: Logitech G502 X White (910-006146)", "action_flag": 3, "change_message": ""}}, {"model": "admin.logentry", "pk": 38, "fields": {"action_time": "2023-05-16T16:01:09.808Z", "user": 1, "content_type": 8, "object_id": "19", "object_repr": "Товари для геймерів — Миші: Logitech G305 Lightspeed Wireless Black (910-005282)", "action_flag": 3, "change_message": ""}}, {"model": "admin.logentry", "pk": 39, "fields": {"action_time": "2023-05-16T16:01:09.809Z", "user": 1, "content_type": 8, "object_id": "18", "object_repr": "Товари для геймерів — Миші: Logitech G102 Lightsync Lilac (910-005854)", "action_flag": 3, "change_message": ""}}, {"model": "admin.logentry", "pk": 40, "fields": {"action_time": "2023-05-16T16:01:09.811Z", "user": 1, "content_type": 8, "object_id": "17", "object_repr": "Товари для геймерів — Миші: Hator Pulsar Wireless Black (HTM-315)", "action_flag": 3, "change_message": ""}}, {"model": "admin.logentry", "pk": 41, "fields": {"action_time": "2023-05-16T16:01:09.813Z", "user": 1, "content_type": 8, "object_id": "16", "object_repr": "Товари для геймерів — Миші: Logitech G102 Lightsync White (910-005824)", "action_flag": 3, "change_message": ""}}, {"model": "admin.logentry", "pk": 42, "fields": {"action_time": "2023-05-16T16:01:09.815Z", "user": 1, "content_type": 8, "object_id": "15", "object_repr": "Товари для геймерів — Миші: Hator Pulsar Wireless White (HTM-316)", "action_flag": 3, "change_message": ""}}, {"model": "admin.logentry", "pk": 43, "fields": {"action_time": "2023-05-16T16:01:09.816Z", "user": 1, "content_type": 8, "object_id": "14", "object_repr": "Товари для геймерів — Миші: Logitech G PRO X Superlight Wireless White (910-005942)", "action_flag": 3, "change_message": ""}}, {"model": "admin.logentry", "pk": 44, "fields": {"action_time": "2023-05-16T16:01:09.818Z", "user": 1, "content_type": 8, "object_id": "13", "object_repr": "Товари для геймерів — Миші: Logitech G PRO Wireless (910-005272)", "action_flag": 3, "change_message": ""}}, {"model": "admin.logentry", "pk": 45, "fields": {"action_time": "2023-05-16T16:01:09.821Z", "user": 1, "content_type": 8, "object_id": "12", "object_repr": "Товари для геймерів — Миші: Logitech G102 Lightsync Black (910-005823)", "action_flag": 3, "change_message": ""}}, {"model": "admin.logentry", "pk": 46, "fields": {"action_time": "2023-05-16T16:01:09.823Z", "user": 1, "content_type": 8, "object_id": "11", "object_repr": "Товари для геймерів — Миші: Logitech G PRO X Superlight Wireless Magenta (910-005956)", "action_flag": 3, "change_message": ""}}, {"model": "admin.logentry", "pk": 47, "fields": {"action_time": "2023-05-16T16:01:09.825Z", "user": 1, "content_type": 8, "object_id": "10", "object_repr": "Товари для геймерів — Миші: Hator Pulsar Essential (HTM-312)", "action_flag": 3, "change_message": ""}}, {"model": "admin.logentry", "pk": 48, "fields": {"action_time": "2023-05-16T16:01:09.827Z", "user": 1, "content_type": 8, "object_id": "9", "object_repr": "Товари для геймерів — Миші: Razer Viper Ultimate & Mouse Dock (RZ01-03050100-R3G1)", "action_flag": 3, "change_message": ""}}, {"model": "admin.logentry", "pk": 49, "fields": {"action_time": "2023-05-16T16:01:09.829Z", "user": 1, "content_type": 8, "object_id": "8", "object_repr": "Товари для геймерів — Миші: Hator Quasar Wireless Black (HTM-420)", "action_flag": 3, "change_message": ""}}, {"model": "admin.logentry", "pk": 50, "fields": {"action_time": "2023-05-16T16:01:09.831Z", "user": 1, "content_type": 8, "object_id": "7", "object_repr": "Товари для геймерів — Миші: Razer Basilisk X Hyperspeed (RZ01-03150100-R3G1)", "action_flag": 3, "change_message": ""}}, {"model": "admin.logentry", "pk": 51, "fields": {"action_time": "2023-05-16T16:01:09.833Z", "user": 1, "content_type": 8, "object_id": "6", "object_repr": "Товари для геймерів — Миші: Razer DeathAdder V2 (RZ01-03210100-R3M1)", "action_flag": 3, "change_message": ""}}, {"model": "admin.logentry", "pk": 52, "fields": {"action_time": "2023-05-16T16:01:09.835Z", "user": 1, "content_type": 8, "object_id": "5", "object_repr": "Товари для геймерів — Миші: Logitech G PRO X Superlight Wireless Black (910-005880)", "action_flag": 3, "change_message": ""}}, {"model": "admin.logentry", "pk": 53, "fields": {"action_time": "2023-05-16T16:01:09.837Z", "user": 1, "content_type": 8, "object_id": "4", "object_repr": "Товари для геймерів — Миші: Razer DeathAdder Essential (RZ01-03850100-R3M1)", "action_flag": 3, "change_message": ""}}, {"model": "admin.logentry", "pk": 54, "fields": {"action_time": "2023-05-16T16:01:09.838Z", "user": 1, "content_type": 8, "object_id": "3", "object_repr": "Товари для геймерів — Миші: ASUS ROG Gladius III AimPoint RGB White (90MP02Y0-BMUA10)", "action_flag": 3, "change_message": ""}}, {"model": "admin.logentry", "pk": 55, "fields": {"action_time": "2023-05-16T16:01:09.840Z", "user": 1, "content_type": 8, "object_id": "2", "object_repr": "Товари для геймерів — Миші: ASUS ROG Gladius III AimPoint RGB White (90MP02Y0-BMUA10)", "action_flag": 3, "change_message": ""}}, {"model": "admin.logentry", "pk": 56, "fields": {"action_time": "2023-05-16T16:04:11.706Z", "user": 1, "content_type": 9, "object_id": "2", "object_repr": "Товари для геймерів — Ігрові клавіатури", "action_flag": 1, "change_message": "[{\"added\": {}}]"}}, {"model": "admin.logentry", "pk": 57, "fields": {"action_time": "2023-05-16T16:11:21.390Z", "user": 1, "content_type": 8, "object_id": "102", "object_repr": "Товари для геймерів — Ігрові клавіатури: Logitech G335 Wired Gaming Headset Mint (981-001024)", "action_flag": 3, "change_message": ""}}, {"model": "admin.logentry", "pk": 58, "fields": {"action_time": "2023-05-16T16:11:21.393Z", "user": 1, "content_type": 8, "object_id": "101", "object_repr": "Товари для геймерів — Ігрові клавіатури: Logitech FITS True Wireless Gaming Earbuds White (985-001183)", "action_flag": 3, "change_message": ""}}, {"model": "admin.logentry", "pk": 59, "fields": {"action_time": "2023-05-16T16:11:21.396Z", "user": 1, "content_type": 8, "object_id": "100", "object_repr": "Товари для геймерів — Ігрові клавіатури: Logitech G435 Blue (981-001062)", "action_flag": 3, "change_message": ""}}, {"model": "admin.logentry", "pk": 60, "fields": {"action_time": "2023-05-16T16:11:21.398Z", "user": 1, "content_type": 8, "object_id": "99", "object_repr": "Товари для геймерів — Ігрові клавіатури: Logitech FITS True Wireless Gaming Earbuds Black (985-001182)", "action_flag": 3, "change_message": ""}}, {"model": "admin.logentry", "pk": 61, "fields": {"action_time": "2023-05-16T16:11:21.401Z", "user": 1, "content_type": 8, "object_id": "98", "object_repr": "Товари для геймерів — Ігрові клавіатури: Razer Barracuda X 2022 Black (RZ04-04430100-R3M1)", "action_flag": 3, "change_message": ""}}, {"model": "admin.logentry", "pk": 62, "fields": {"action_time": "2023-05-16T16:11:21.403Z", "user": 1, "content_type": 8, "object_id": "97", "object_repr": "Товари для геймерів — Ігрові клавіатури: Logitech G435 White (981-001074)", "action_flag": 3, "change_message": ""}}, {"model": "admin.logentry", "pk": 63, "fields": {"action_time": "2023-05-16T16:11:21.405Z", "user": 1, "content_type": 8, "object_id": "96", "object_repr": "Товари для геймерів — Ігрові клавіатури: Logitech G335 Wired Gaming Headset White (981-001018)", "action_flag": 3, "change_message": ""}}, {"model": "admin.logentry", "pk": 64, "fields": {"action_time": "2023-05-16T16:11:21.407Z", "user": 1, "content_type": 8, "object_id": "95", "object_repr": "Товари для геймерів — Ігрові клавіатури: Logitech G335 Wired Gaming Headset Black (981-000978)", "action_flag": 3, "change_message": ""}}, {"model": "admin.logentry", "pk": 65, "fields": {"action_time": "2023-05-16T16:11:21.409Z", "user": 1, "content_type": 8, "object_id": "94", "object_repr": "Товари для геймерів — Ігрові клавіатури: Logitech G Pro Gaming Headset (981-000812)", "action_flag": 3, "change_message": ""}}, {"model": "admin.logentry", "pk": 66, "fields": {"action_time": "2023-05-16T16:11:21.411Z", "user": 1, "content_type": 8, "object_id": "93", "object_repr": "Товари для геймерів — Ігрові клавіатури: Razer Blackshark V2 X White (RZ04-03240700-R3M1)", "action_flag": 3, "change_message": ""}}, {"model": "admin.logentry", "pk": 67, "fields": {"action_time": "2023-05-16T16:11:21.414Z", "user": 1, "content_type": 8, "object_id": "92", "object_repr": "Товари для геймерів — Ігрові клавіатури: Logitech G435 Black (981-001050)", "action_flag": 3, "change_message": ""}}, {"model": "admin.logentry", "pk": 68, "fields": {"action_time": "2023-05-16T16:11:21.415Z", "user": 1, "content_type": 8, "object_id": "91", "object_repr": "Товари для геймерів — Ігрові клавіатури: Hator Hellraizer (HTA-814) White", "action_flag": 3, "change_message": ""}}, {"model": "admin.logentry", "pk": 69, "fields": {"action_time": "2023-05-16T16:11:21.417Z", "user": 1, "content_type": 8, "object_id": "90", "object_repr": "Товари для геймерів — Ігрові клавіатури: Razer Kraken Black (RZ04-02830100-R3M1)", "action_flag": 3, "change_message": ""}}, {"model": "admin.logentry", "pk": 70, "fields": {"action_time": "2023-05-16T16:11:21.419Z", "user": 1, "content_type": 8, "object_id": "89", "object_repr": "Товари для геймерів — Ігрові клавіатури: Razer Kraken Green (RZ04-02830200-R3M1)", "action_flag": 3, "change_message": ""}}, {"model": "admin.logentry", "pk": 71, "fields": {"action_time": "2023-05-16T16:11:21.421Z", "user": 1, "content_type": 8, "object_id": "88", "object_repr": "Товари для геймерів — Ігрові клавіатури: Hator Hypergang Wireless Tri-mode Black (HTA-850)", "action_flag": 3, "change_message": ""}}, {"model": "admin.logentry", "pk": 72, "fields": {"action_time": "2023-05-16T16:11:21.424Z", "user": 1, "content_type": 8, "object_id": "87", "object_repr": "Товари для геймерів — Ігрові клавіатури: Hator Hypergang EVO Elite (HTA-830) Black", "action_flag": 3, "change_message": ""}}, {"model": "admin.logentry", "pk": 73, "fields": {"action_time": "2023-05-16T16:11:21.426Z", "user": 1, "content_type": 8, "object_id": "86", "object_repr": "Товари для геймерів — Ігрові клавіатури: Razer Blackshark V2 X (RZ04-03240100-R3M1)", "action_flag": 3, "change_message": ""}}, {"model": "admin.logentry", "pk": 74, "fields": {"action_time": "2023-05-16T16:11:21.428Z", "user": 1, "content_type": 8, "object_id": "85", "object_repr": "Товари для геймерів — Ігрові клавіатури: Logitech G Pro X Gaming Headset (981-000818)", "action_flag": 3, "change_message": ""}}, {"model": "admin.logentry", "pk": 75, "fields": {"action_time": "2023-05-16T16:11:21.430Z", "user": 1, "content_type": 8, "object_id": "84", "object_repr": "Товари для геймерів — Ігрові клавіатури: Logitech Wireless Gaming Combo (981-001162)", "action_flag": 3, "change_message": ""}}, {"model": "admin.logentry", "pk": 76, "fields": {"action_time": "2023-05-16T16:11:21.433Z", "user": 1, "content_type": 8, "object_id": "83", "object_repr": "Товари для геймерів — Ігрові клавіатури: Hator Hypergang EVO (HTA-810)", "action_flag": 3, "change_message": ""}}, {"model": "admin.logentry", "pk": 77, "fields": {"action_time": "2023-05-16T16:11:21.436Z", "user": 1, "content_type": 8, "object_id": "82", "object_repr": "Товари для геймерів — Ігрові клавіатури: Razer BlackWidow V4 Pro Green Switch (RZ03-04680100-R3M1)", "action_flag": 3, "change_message": ""}}, {"model": "admin.logentry", "pk": 78, "fields": {"action_time": "2023-05-16T16:11:21.438Z", "user": 1, "content_type": 8, "object_id": "81", "object_repr": "Товари для геймерів — Ігрові клавіатури: Razer BlackWidow V4 Pro Yellow Switch (RZ03-04681800-R3M1)", "action_flag": 3, "change_message": ""}}, {"model": "admin.logentry", "pk": 79, "fields": {"action_time": "2023-05-16T16:11:21.440Z", "user": 1, "content_type": 8, "object_id": "80", "object_repr": "Товари для геймерів — Ігрові клавіатури: Logitech G413 SE Mechanical Tactile Black (920-010438)", "action_flag": 3, "change_message": ""}}, {"model": "admin.logentry", "pk": 80, "fields": {"action_time": "2023-05-16T16:11:21.442Z", "user": 1, "content_type": 8, "object_id": "79", "object_repr": "Товари для геймерів — Ігрові клавіатури: Logitech G713 Linear White (920-010678)", "action_flag": 3, "change_message": ""}}, {"model": "admin.logentry", "pk": 81, "fields": {"action_time": "2023-05-16T16:11:21.444Z", "user": 1, "content_type": 8, "object_id": "78", "object_repr": "Товари для геймерів — Ігрові клавіатури: Logitech G413 TKL SE Mechanical Tactile Black (920-010447)", "action_flag": 3, "change_message": ""}}, {"model": "admin.logentry", "pk": 82, "fields": {"action_time": "2023-05-16T16:11:21.446Z", "user": 1, "content_type": 8, "object_id": "77", "object_repr": "Товари для геймерів — Ігрові клавіатури: Logitech G715 Wireless Linear White (920-010692)", "action_flag": 3, "change_message": ""}}, {"model": "admin.logentry", "pk": 83, "fields": {"action_time": "2023-05-16T16:11:21.448Z", "user": 1, "content_type": 8, "object_id": "76", "object_repr": "Товари для геймерів — Ігрові клавіатури: Logitech G713 Tactile White (920-010422)", "action_flag": 3, "change_message": ""}}, {"model": "admin.logentry", "pk": 84, "fields": {"action_time": "2023-05-16T16:11:21.449Z", "user": 1, "content_type": 8, "object_id": "75", "object_repr": "Товари для геймерів — Ігрові клавіатури: Logitech G715 Wireless Tactile White (920-010465)", "action_flag": 3, "change_message": ""}}, {"model": "admin.logentry", "pk": 85, "fields": {"action_time": "2023-05-16T16:11:21.451Z", "user": 1, "content_type": 8, "object_id": "74", "object_repr": "Товари для геймерів — Ігрові клавіатури: Logitech G213 Prodigy UKR (920-010740)", "action_flag": 3, "change_message": ""}}, {"model": "admin.logentry", "pk": 86, "fields": {"action_time": "2023-05-16T16:11:21.453Z", "user": 1, "content_type": 8, "object_id": "73", "object_repr": "Товари для геймерів — Ігрові клавіатури: HATOR Skyfall TKL PRO White (HTK-656)", "action_flag": 3, "change_message": ""}}, {"model": "admin.logentry", "pk": 87, "fields": {"action_time": "2023-05-16T16:11:21.455Z", "user": 1, "content_type": 8, "object_id": "72", "object_repr": "Товари для геймерів — Ігрові клавіатури: RAZER Ornata V3 (RZ03-04460800-R3R1)", "action_flag": 3, "change_message": ""}}, {"model": "admin.logentry", "pk": 88, "fields": {"action_time": "2023-05-16T16:11:21.457Z", "user": 1, "content_type": 8, "object_id": "71", "object_repr": "Товари для геймерів — Ігрові клавіатури: HATOR Rockfall TKL Mecha Green (HTK-620)", "action_flag": 3, "change_message": ""}}, {"model": "admin.logentry", "pk": 89, "fields": {"action_time": "2023-05-16T16:11:21.459Z", "user": 1, "content_type": 8, "object_id": "70", "object_repr": "Товари для геймерів — Ігрові клавіатури: Hator Rockfall EVO TKL Optical White (HTK-631)", "action_flag": 3, "change_message": ""}}, {"model": "admin.logentry", "pk": 90, "fields": {"action_time": "2023-05-16T16:11:21.460Z", "user": 1, "content_type": 8, "object_id": "69", "object_repr": "Товари для геймерів — Ігрові клавіатури: Hator Rockfall EVO TKL Optical Yellow (HTK-632)", "action_flag": 3, "change_message": ""}}, {"model": "admin.logentry", "pk": 91, "fields": {"action_time": "2023-05-16T16:11:21.462Z", "user": 1, "content_type": 8, "object_id": "68", "object_repr": "Товари для геймерів — Ігрові клавіатури: Razer Cynosa Lite RGB Chroma (RZ03-02741500-R3R1)", "action_flag": 3, "change_message": ""}}, {"model": "admin.logentry", "pk": 92, "fields": {"action_time": "2023-05-16T16:11:21.465Z", "user": 1, "content_type": 8, "object_id": "67", "object_repr": "Товари для геймерів — Ігрові клавіатури: Razer BlackWidow V3 TKL Green Switches RU (RZ03-03490700-R3R1)", "action_flag": 3, "change_message": ""}}, {"model": "admin.logentry", "pk": 93, "fields": {"action_time": "2023-05-16T16:11:21.467Z", "user": 1, "content_type": 8, "object_id": "66", "object_repr": "Товари для геймерів — Ігрові клавіатури: RAZER Ornata V3 X (RZ03-04470800-R3R1)", "action_flag": 3, "change_message": ""}}, {"model": "admin.logentry", "pk": 94, "fields": {"action_time": "2023-05-16T16:11:21.469Z", "user": 1, "content_type": 8, "object_id": "65", "object_repr": "Товари для геймерів — Ігрові клавіатури: HATOR Rockfall TKL Mecha Pink (HTK-621)", "action_flag": 3, "change_message": ""}}, {"model": "admin.logentry", "pk": 95, "fields": {"action_time": "2023-05-16T16:11:21.471Z", "user": 1, "content_type": 8, "object_id": "64", "object_repr": "Товари для геймерів — Ігрові клавіатури: HATOR Starfall RGB Green Switch (HTK-598)", "action_flag": 3, "change_message": ""}}, {"model": "admin.logentry", "pk": 96, "fields": {"action_time": "2023-05-16T16:11:21.473Z", "user": 1, "content_type": 8, "object_id": "63", "object_repr": "Товари для геймерів — Ігрові клавіатури: HATOR Starfall RGB Pink Switch (HTK-599)", "action_flag": 3, "change_message": ""}}, {"model": "admin.logentry", "pk": 97, "fields": {"action_time": "2023-05-16T16:11:56.008Z", "user": 1, "content_type": 9, "object_id": "3", "object_repr": "Товари для геймерів — Ігрові навушники", "action_flag": 1, "change_message": "[{\"added\": {}}]"}}, {"model": "admin.logentry", "pk": 98, "fields": {"action_time": "2023-05-16T16:15:12.304Z", "user": 1, "content_type": 7, "object_id": "2", "object_repr": "Периферiя", "action_flag": 1, "change_message": "[{\"added\": {}}]"}}, {"model": "admin.logentry", "pk": 99, "fields": {"action_time": "2023-05-16T16:15:42.637Z", "user": 1, "content_type": 9, "object_id": "4", "object_repr": "Периферiя — монітори", "action_flag": 1, "change_message": "[{\"added\": {}}]"}}, {"model": "admin.logentry", "pk": 100, "fields": {"action_time": "2023-05-16T16:17:51.604Z", "user": 1, "content_type": 7, "object_id": "3", "object_repr": "КРІСЛА І СТОЛИ", "action_flag": 1, "change_message": "[{\"added\": {}}]"}}, {"model": "admin.logentry", "pk": 101, "fields": {"action_time": "2023-05-16T16:19:33.841Z", "user": 1, "content_type": 9, "object_id": "5", "object_repr": "КРІСЛА І СТОЛИ — Столи", "action_flag": 1, "change_message": "[{\"added\": {}}]"}}, {"model": "admin.logentry", "pk": 102, "fields": {"action_time": "2023-05-16T16:20:31.062Z", "user": 1, "content_type": 9, "object_id": "6", "object_repr": "КРІСЛА І СТОЛИ — Крісла для геймерів", "action_flag": 1, "change_message": "[{\"added\": {}}]"}}, {"model": "admin.logentry", "pk": 103, "fields": {"action_time": "2023-05-16T16:22:02.688Z", "user": 1, "content_type": 7, "object_id": "4", "object_repr": "АТРИБУТИКА ТА СУВЕНІРИ", "action_flag": 1, "change_message": "[{\"added\": {}}]"}}, {"model": "admin.logentry", "pk": 104, "fields": {"action_time": "2023-05-16T16:22:19.763Z", "user": 1, "content_type": 9, "object_id": "7", "object_repr": "АТРИБУТИКА ТА СУВЕНІРИ — Фігурки і моделі героїв", "action_flag": 1, "change_message": "[{\"added\": {}}]"}}, {"model": "admin.logentry", "pk": 105, "fields": {"action_time": "2023-05-16T16:24:05.835Z", "user": 1, "content_type": 9, "object_id": "8", "object_repr": "АТРИБУТИКА ТА СУВЕНІРИ — Брелоки", "action_flag": 1, "change_message": "[{\"added\": {}}]"}}, {"model": "admin.logentry", "pk": 106, "fields": {"action_time": "2023-05-16T16:26:07.896Z", "user": 1, "content_type": 8, "object_id": "238", "object_repr": "АТРИБУТИКА ТА СУВЕНІРИ — Фігурки і моделі героїв: Assassin's Creed Odyssey - Odyssey Logo Metal Keychain (KE234321ACO)", "action_flag": 3, "change_message": ""}}, {"model": "admin.logentry", "pk": 107, "fields": {"action_time": "2023-05-16T16:26:07.899Z", "user": 1, "content_type": 8, "object_id": "237", "object_repr": "АТРИБУТИКА ТА СУВЕНІРИ — Фігурки і моделі героїв: Fallout - 3D Metal Keychain (KE255707FAL)", "action_flag": 3, "change_message": ""}}, {"model": "admin.logentry", "pk": 108, "fields": {"action_time": "2023-05-16T16:26:07.901Z", "user": 1, "content_type": 8, "object_id": "236", "object_repr": "АТРИБУТИКА ТА СУВЕНІРИ — Фігурки і моделі героїв: Adventure Time - Sitting Finn Rubber Keychain (KE260329ADV)", "action_flag": 3, "change_message": ""}}, {"model": "admin.logentry", "pk": 109, "fields": {"action_time": "2023-05-16T16:26:07.902Z", "user": 1, "content_type": 8, "object_id": "235", "object_repr": "АТРИБУТИКА ТА СУВЕНІРИ — Фігурки і моделі героїв: Rick & Morty - Pickled Rick 3D Rubber Keychain (KE851414RMT)", "action_flag": 3, "change_message": ""}}, {"model": "admin.logentry", "pk": 110, "fields": {"action_time": "2023-05-16T16:26:07.904Z", "user": 1, "content_type": 8, "object_id": "234", "object_repr": "АТРИБУТИКА ТА СУВЕНІРИ — Фігурки і моделі героїв: ABYstyle DC Comics (ABYKEY167)", "action_flag": 3, "change_message": ""}}, {"model": "admin.logentry", "pk": 111, "fields": {"action_time": "2023-05-16T16:26:07.907Z", "user": 1, "content_type": 8, "object_id": "233", "object_repr": "АТРИБУТИКА ТА СУВЕНІРИ — Фігурки і моделі героїв: ABYstyle DC Comics Logo Wonder Woman (ABYKEY171)", "action_flag": 3, "change_message": ""}}, {"model": "admin.logentry", "pk": 112, "fields": {"action_time": "2023-05-16T16:26:07.910Z", "user": 1, "content_type": 8, "object_id": "232", "object_repr": "АТРИБУТИКА ТА СУВЕНІРИ — Фігурки і моделі героїв: ABYstyle DC Comics Logo Batman (ABYKEY053)", "action_flag": 3, "change_message": ""}}, {"model": "admin.logentry", "pk": 113, "fields": {"action_time": "2023-05-16T16:26:07.912Z", "user": 1, "content_type": 8, "object_id": "231", "object_repr": "АТРИБУТИКА ТА СУВЕНІРИ — Фігурки і моделі героїв: ABYstyle Heathstone Rosace (ABYKEY200)", "action_flag": 3, "change_message": ""}}, {"model": "admin.logentry", "pk": 114, "fields": {"action_time": "2023-05-16T16:26:07.915Z", "user": 1, "content_type": 8, "object_id": "230", "object_repr": "АТРИБУТИКА ТА СУВЕНІРИ — Фігурки і моделі героїв: ABYstyle Assassin's Creed (ABYKEY080)", "action_flag": 3, "change_message": ""}}, {"model": "admin.logentry", "pk": 115, "fields": {"action_time": "2023-05-16T16:26:07.918Z", "user": 1, "content_type": 8, "object_id": "229", "object_repr": "АТРИБУТИКА ТА СУВЕНІРИ — Фігурки і моделі героїв: ABYstyle Rick and Morty Pickle Rick (ABYKEY252)", "action_flag": 3, "change_message": ""}}, {"model": "admin.logentry", "pk": 116, "fields": {"action_time": "2023-05-16T16:26:07.921Z", "user": 1, "content_type": 8, "object_id": "228", "object_repr": "АТРИБУТИКА ТА СУВЕНІРИ — Фігурки і моделі героїв: ABYstyle Overwatch (ABYKEY170)", "action_flag": 3, "change_message": ""}}, {"model": "admin.logentry", "pk": 117, "fields": {"action_time": "2023-05-16T16:26:07.923Z", "user": 1, "content_type": 8, "object_id": "227", "object_repr": "АТРИБУТИКА ТА СУВЕНІРИ — Фігурки і моделі героїв: ABYstyle Assassin's Creed (ABYKEY249)", "action_flag": 3, "change_message": ""}}, {"model": "admin.logentry", "pk": 118, "fields": {"action_time": "2023-05-16T16:26:07.924Z", "user": 1, "content_type": 8, "object_id": "226", "object_repr": "АТРИБУТИКА ТА СУВЕНІРИ — Фігурки і моделі героїв: ABYstyle Harry Potter (ABYKEY192)", "action_flag": 3, "change_message": ""}}, {"model": "admin.logentry", "pk": 119, "fields": {"action_time": "2023-05-16T16:26:07.926Z", "user": 1, "content_type": 8, "object_id": "225", "object_repr": "АТРИБУТИКА ТА СУВЕНІРИ — Фігурки і моделі героїв: ABYstyle DC Comics Logo Superman (ABYKEY054)", "action_flag": 3, "change_message": ""}}, {"model": "admin.logentry", "pk": 120, "fields": {"action_time": "2023-05-16T16:26:07.929Z", "user": 1, "content_type": 8, "object_id": "224", "object_repr": "АТРИБУТИКА ТА СУВЕНІРИ — Фігурки і моделі героїв: ABYstyle Overwatch Blackwatch (ABYKEY264)", "action_flag": 3, "change_message": ""}}, {"model": "admin.logentry", "pk": 121, "fields": {"action_time": "2023-05-16T16:26:07.931Z", "user": 1, "content_type": 8, "object_id": "223", "object_repr": "АТРИБУТИКА ТА СУВЕНІРИ — Фігурки і моделі героїв: ABYstyle Overwatch D.VA (ABYKEY215)", "action_flag": 3, "change_message": ""}}, {"model": "admin.logentry", "pk": 122, "fields": {"action_time": "2023-05-16T16:26:07.933Z", "user": 1, "content_type": 8, "object_id": "222", "object_repr": "АТРИБУТИКА ТА СУВЕНІРИ — Фігурки і моделі героїв: ABYstyle Far Cry Croix (ABYKEY248)", "action_flag": 3, "change_message": ""}}, {"model": "admin.logentry", "pk": 123, "fields": {"action_time": "2023-05-16T16:26:07.935Z", "user": 1, "content_type": 8, "object_id": "221", "object_repr": "АТРИБУТИКА ТА СУВЕНІРИ — Фігурки і моделі героїв: ABYstyle The Walking Dead (ABYKEY205)", "action_flag": 3, "change_message": ""}}, {"model": "admin.logentry", "pk": 124, "fields": {"action_time": "2023-05-16T16:26:07.937Z", "user": 1, "content_type": 8, "object_id": "220", "object_repr": "АТРИБУТИКА ТА СУВЕНІРИ — Фігурки і моделі героїв: ABYstyle Assassin's Creed (ABYKEY012)", "action_flag": 3, "change_message": ""}}, {"model": "admin.logentry", "pk": 125, "fields": {"action_time": "2023-05-16T16:26:07.939Z", "user": 1, "content_type": 8, "object_id": "219", "object_repr": "АТРИБУТИКА ТА СУВЕНІРИ — Фігурки і моделі героїв: Adventure Time - Lumpy Space Princess Rubber Keychain (KE260330ADV)", "action_flag": 3, "change_message": ""}}, {"model": "admin.logentry", "pk": 126, "fields": {"action_time": "2023-05-16T16:26:07.941Z", "user": 1, "content_type": 8, "object_id": "218", "object_repr": "АТРИБУТИКА ТА СУВЕНІРИ — Фігурки і моделі героїв: Assassin's Creed Odyssey - Odyssey Logo Metal Keychain (KE234321ACO)", "action_flag": 3, "change_message": ""}}, {"model": "admin.logentry", "pk": 127, "fields": {"action_time": "2023-05-16T16:26:07.943Z", "user": 1, "content_type": 8, "object_id": "217", "object_repr": "АТРИБУТИКА ТА СУВЕНІРИ — Фігурки і моделі героїв: Fallout - 3D Metal Keychain (KE255707FAL)", "action_flag": 3, "change_message": ""}}, {"model": "admin.logentry", "pk": 128, "fields": {"action_time": "2023-05-16T16:26:07.945Z", "user": 1, "content_type": 8, "object_id": "216", "object_repr": "АТРИБУТИКА ТА СУВЕНІРИ — Фігурки і моделі героїв: Adventure Time - Sitting Finn Rubber Keychain (KE260329ADV)", "action_flag": 3, "change_message": ""}}, {"model": "admin.logentry", "pk": 129, "fields": {"action_time": "2023-05-16T16:26:07.947Z", "user": 1, "content_type": 8, "object_id": "215", "object_repr": "АТРИБУТИКА ТА СУВЕНІРИ — Фігурки і моделі героїв: Rick & Morty - Pickled Rick 3D Rubber Keychain (KE851414RMT)", "action_flag": 3, "change_message": ""}}, {"model": "admin.logentry", "pk": 130, "fields": {"action_time": "2023-05-16T16:26:07.950Z", "user": 1, "content_type": 8, "object_id": "214", "object_repr": "АТРИБУТИКА ТА СУВЕНІРИ — Фігурки і моделі героїв: ABYstyle DC Comics (ABYKEY167)", "action_flag": 3, "change_message": ""}}, {"model": "admin.logentry", "pk": 131, "fields": {"action_time": "2023-05-16T16:26:07.953Z", "user": 1, "content_type": 8, "object_id": "213", "object_repr": "АТРИБУТИКА ТА СУВЕНІРИ — Фігурки і моделі героїв: ABYstyle DC Comics Logo Wonder Woman (ABYKEY171)", "action_flag": 3, "change_message": ""}}, {"model": "admin.logentry", "pk": 132, "fields": {"action_time": "2023-05-16T16:26:07.955Z", "user": 1, "content_type": 8, "object_id": "212", "object_repr": "АТРИБУТИКА ТА СУВЕНІРИ — Фігурки і моделі героїв: ABYstyle DC Comics Logo Batman (ABYKEY053)", "action_flag": 3, "change_message": ""}}, {"model": "admin.logentry", "pk": 133, "fields": {"action_time": "2023-05-16T16:26:07.957Z", "user": 1, "content_type": 8, "object_id": "211", "object_repr": "АТРИБУТИКА ТА СУВЕНІРИ — Фігурки і моделі героїв: ABYstyle Heathstone Rosace (ABYKEY200)", "action_flag": 3, "change_message": ""}}, {"model": "admin.logentry", "pk": 134, "fields": {"action_time": "2023-05-16T16:26:07.960Z", "user": 1, "content_type": 8, "object_id": "210", "object_repr": "АТРИБУТИКА ТА СУВЕНІРИ — Фігурки і моделі героїв: ABYstyle Assassin's Creed (ABYKEY080)", "action_flag": 3, "change_message": ""}}, {"model": "admin.logentry", "pk": 135, "fields": {"action_time": "2023-05-16T16:26:07.962Z", "user": 1, "content_type": 8, "object_id": "209", "object_repr": "АТРИБУТИКА ТА СУВЕНІРИ — Фігурки і моделі героїв: ABYstyle Rick and Morty Pickle Rick (ABYKEY252)", "action_flag": 3, "change_message": ""}}, {"model": "admin.logentry", "pk": 136, "fields": {"action_time": "2023-05-16T16:26:07.964Z", "user": 1, "content_type": 8, "object_id": "208", "object_repr": "АТРИБУТИКА ТА СУВЕНІРИ — Фігурки і моделі героїв: ABYstyle Overwatch (ABYKEY170)", "action_flag": 3, "change_message": ""}}, {"model": "admin.logentry", "pk": 137, "fields": {"action_time": "2023-05-16T16:26:07.966Z", "user": 1, "content_type": 8, "object_id": "207", "object_repr": "АТРИБУТИКА ТА СУВЕНІРИ — Фігурки і моделі героїв: ABYstyle Assassin's Creed (ABYKEY249)", "action_flag": 3, "change_message": ""}}, {"model": "admin.logentry", "pk": 138, "fields": {"action_time": "2023-05-16T16:26:07.968Z", "user": 1, "content_type": 8, "object_id": "206", "object_repr": "АТРИБУТИКА ТА СУВЕНІРИ — Фігурки і моделі героїв: ABYstyle Harry Potter (ABYKEY192)", "action_flag": 3, "change_message": ""}}, {"model": "admin.logentry", "pk": 139, "fields": {"action_time": "2023-05-16T16:26:07.972Z", "user": 1, "content_type": 8, "object_id": "205", "object_repr": "АТРИБУТИКА ТА СУВЕНІРИ — Фігурки і моделі героїв: ABYstyle DC Comics Logo Superman (ABYKEY054)", "action_flag": 3, "change_message": ""}}, {"model": "admin.logentry", "pk": 140, "fields": {"action_time": "2023-05-16T16:26:07.974Z", "user": 1, "content_type": 8, "object_id": "204", "object_repr": "АТРИБУТИКА ТА СУВЕНІРИ — Фігурки і моделі героїв: ABYstyle Overwatch Blackwatch (ABYKEY264)", "action_flag": 3, "change_message": ""}}, {"model": "admin.logentry", "pk": 141, "fields": {"action_time": "2023-05-16T16:26:07.977Z", "user": 1, "content_type": 8, "object_id": "203", "object_repr": "АТРИБУТИКА ТА СУВЕНІРИ — Фігурки і моделі героїв: ABYstyle Overwatch D.VA (ABYKEY215)", "action_flag": 3, "change_message": ""}}, {"model": "admin.logentry", "pk": 142, "fields": {"action_time": "2023-05-16T16:26:07.979Z", "user": 1, "content_type": 8, "object_id": "202", "object_repr": "АТРИБУТИКА ТА СУВЕНІРИ — Фігурки і моделі героїв: ABYstyle Far Cry Croix (ABYKEY248)", "action_flag": 3, "change_message": ""}}, {"model": "admin.logentry", "pk": 143, "fields": {"action_time": "2023-05-16T16:26:07.981Z", "user": 1, "content_type": 8, "object_id": "201", "object_repr": "АТРИБУТИКА ТА СУВЕНІРИ — Фігурки і моделі героїв: ABYstyle The Walking Dead (ABYKEY205)", "action_flag": 3, "change_message": ""}}, {"model": "admin.logentry", "pk": 144, "fields": {"action_time": "2023-05-16T16:26:07.983Z", "user": 1, "content_type": 8, "object_id": "200", "object_repr": "АТРИБУТИКА ТА СУВЕНІРИ — Фігурки і моделі героїв: ABYstyle Assassin's Creed (ABYKEY012)", "action_flag": 3, "change_message": ""}}, {"model": "admin.logentry", "pk": 145, "fields": {"action_time": "2023-05-16T16:26:07.985Z", "user": 1, "content_type": 8, "object_id": "199", "object_repr": "АТРИБУТИКА ТА СУВЕНІРИ — Фігурки і моделі героїв: The Witcher 3: Wild Hunt: Dandelion (761568001761)", "action_flag": 3, "change_message": ""}}, {"model": "admin.logentry", "pk": 146, "fields": {"action_time": "2023-05-16T16:26:07.987Z", "user": 1, "content_type": 8, "object_id": "198", "object_repr": "АТРИБУТИКА ТА СУВЕНІРИ — Фігурки і моделі героїв: The Witcher 3: Wild Hunt: Yennefer 2nd Edition (761568005295)", "action_flag": 3, "change_message": ""}}, {"model": "admin.logentry", "pk": 147, "fields": {"action_time": "2023-05-16T16:26:07.989Z", "user": 1, "content_type": 8, "object_id": "197", "object_repr": "АТРИБУТИКА ТА СУВЕНІРИ — Фігурки і моделі героїв: The Witcher 3: Wild Hunt: Regis The Vampire Deluxe (761568005578)", "action_flag": 3, "change_message": ""}}, {"model": "admin.logentry", "pk": 148, "fields": {"action_time": "2023-05-16T16:26:07.991Z", "user": 1, "content_type": 8, "object_id": "196", "object_repr": "АТРИБУТИКА ТА СУВЕНІРИ — Фігурки і моделі героїв: The Witcher 3: Wild Hunt: Geralt Grandmaster Feline (761568005042)", "action_flag": 3, "change_message": ""}}, {"model": "admin.logentry", "pk": 149, "fields": {"action_time": "2023-05-16T16:26:07.993Z", "user": 1, "content_type": 8, "object_id": "195", "object_repr": "АТРИБУТИКА ТА СУВЕНІРИ — Фігурки і моделі героїв: The Witcher 3: Wild Hunt: Ciri 2nd Edition (761568005288)", "action_flag": 3, "change_message": ""}}, {"model": "admin.logentry", "pk": 150, "fields": {"action_time": "2023-05-16T16:26:07.996Z", "user": 1, "content_type": 8, "object_id": "194", "object_repr": "АТРИБУТИКА ТА СУВЕНІРИ — Фігурки і моделі героїв: The Witcher 3: Wild Hunt: Ciri (761568000269)", "action_flag": 3, "change_message": ""}}, {"model": "admin.logentry", "pk": 151, "fields": {"action_time": "2023-05-16T16:26:07.998Z", "user": 1, "content_type": 8, "object_id": "193", "object_repr": "АТРИБУТИКА ТА СУВЕНІРИ — Фігурки і моделі героїв: Blizzard World of Warcraft Saurfang (B63210)", "action_flag": 3, "change_message": ""}}, {"model": "admin.logentry", "pk": 152, "fields": {"action_time": "2023-05-16T16:26:08.000Z", "user": 1, "content_type": 8, "object_id": "192", "object_repr": "АТРИБУТИКА ТА СУВЕНІРИ — Фігурки і моделі героїв: The Witcher 3: Wild Hunt: Geralt in Bath (761568003505)", "action_flag": 3, "change_message": ""}}, {"model": "admin.logentry", "pk": 153, "fields": {"action_time": "2023-05-16T16:26:08.001Z", "user": 1, "content_type": 8, "object_id": "191", "object_repr": "АТРИБУТИКА ТА СУВЕНІРИ — Фігурки і моделі героїв: Blizzard Cute But Deadly Blind Vinyls - Frosted Zarya Figure (B63067)", "action_flag": 3, "change_message": ""}}, {"model": "admin.logentry", "pk": 154, "fields": {"action_time": "2023-05-16T16:26:08.005Z", "user": 1, "content_type": 8, "object_id": "190", "object_repr": "АТРИБУТИКА ТА СУВЕНІРИ — Фігурки і моделі героїв: Blizzard Cute But Deadly Blind Vinyls - Demon Hanzo Figure (B63065)", "action_flag": 3, "change_message": ""}}, {"model": "admin.logentry", "pk": 155, "fields": {"action_time": "2023-05-16T16:26:08.014Z", "user": 1, "content_type": 8, "object_id": "189", "object_repr": "АТРИБУТИКА ТА СУВЕНІРИ — Фігурки і моделі героїв: Blizzard Cute But Deadly Blind Vinyls - Series 3 (Overwatch Edition) (B62457)", "action_flag": 3, "change_message": ""}}, {"model": "admin.logentry", "pk": 156, "fields": {"action_time": "2023-05-16T16:26:08.020Z", "user": 1, "content_type": 8, "object_id": "188", "object_repr": "АТРИБУТИКА ТА СУВЕНІРИ — Фігурки і моделі героїв: Blizzard Cute But Deadly Blind Vinyls - Series 4 (B62928)", "action_flag": 3, "change_message": ""}}, {"model": "admin.logentry", "pk": 157, "fields": {"action_time": "2023-05-16T16:26:08.022Z", "user": 1, "content_type": 8, "object_id": "187", "object_repr": "АТРИБУТИКА ТА СУВЕНІРИ — Фігурки і моделі героїв: Blizzard Cute But Deadly Blind Vinyls - Peppermint Sombra Figure (B63069)", "action_flag": 3, "change_message": ""}}, {"model": "admin.logentry", "pk": 158, "fields": {"action_time": "2023-05-16T16:26:08.024Z", "user": 1, "content_type": 8, "object_id": "186", "object_repr": "АТРИБУТИКА ТА СУВЕНІРИ — Фігурки і моделі героїв: Blizzard Overwatch Mercy Statue (B62908)", "action_flag": 3, "change_message": ""}}, {"model": "admin.logentry", "pk": 159, "fields": {"action_time": "2023-05-16T16:26:08.026Z", "user": 1, "content_type": 8, "object_id": "185", "object_repr": "АТРИБУТИКА ТА СУВЕНІРИ — Фігурки і моделі героїв: Blizzard Cute But Deadly Blind Vinyls - Shiver Reaper Figure (B63068)", "action_flag": 3, "change_message": ""}}, {"model": "admin.logentry", "pk": 160, "fields": {"action_time": "2023-05-16T16:26:08.029Z", "user": 1, "content_type": 8, "object_id": "184", "object_repr": "АТРИБУТИКА ТА СУВЕНІРИ — Фігурки і моделі героїв: Blizzard Cute But Deadly Blind Vinyls - Nuit Widowmaker (B63525)", "action_flag": 3, "change_message": ""}}, {"model": "admin.logentry", "pk": 161, "fields": {"action_time": "2023-05-16T16:26:08.030Z", "user": 1, "content_type": 8, "object_id": "183", "object_repr": "АТРИБУТИКА ТА СУВЕНІРИ — Фігурки і моделі героїв: Blizzard Cute But Deadly Blind Vinyls - Vampire Symmetra Figure (B63064)", "action_flag": 3, "change_message": ""}}, {"model": "admin.logentry", "pk": 162, "fields": {"action_time": "2023-05-16T16:26:08.032Z", "user": 1, "content_type": 8, "object_id": "182", "object_repr": "АТРИБУТИКА ТА СУВЕНІРИ — Фігурки і моделі героїв: Blizzard Cute But Deadly Blind Vinyls - Winston (B62943)", "action_flag": 3, "change_message": ""}}, {"model": "admin.logentry", "pk": 163, "fields": {"action_time": "2023-05-16T16:26:08.034Z", "user": 1, "content_type": 8, "object_id": "181", "object_repr": "АТРИБУТИКА ТА СУВЕНІРИ — Фігурки і моделі героїв: Blizzard Cute But Deadly Blind Vinyls - Reinhardt Figure (B63060)", "action_flag": 3, "change_message": ""}}, {"model": "admin.logentry", "pk": 164, "fields": {"action_time": "2023-05-16T16:26:08.036Z", "user": 1, "content_type": 8, "object_id": "180", "object_repr": "АТРИБУТИКА ТА СУВЕНІРИ — Фігурки і моделі героїв: Blizzard Overwatch Genji Statue (B62464)", "action_flag": 3, "change_message": ""}}, {"model": "admin.logentry", "pk": 165, "fields": {"action_time": "2023-05-16T16:26:13.843Z", "user": 1, "content_type": 8, "object_id": "239", "object_repr": "АТРИБУТИКА ТА СУВЕНІРИ — Фігурки і моделі героїв: Adventure Time - Lumpy Space Princess Rubber Keychain (KE260330ADV)", "action_flag": 3, "change_message": ""}}, {"model": "admin.logentry", "pk": 166, "fields": {"action_time": "2023-05-16T16:27:36.735Z", "user": 1, "content_type": 9, "object_id": "7", "object_repr": "АТРИБУТИКА ТА СУВЕНІРИ — Брелоки", "action_flag": 2, "change_message": "[{\"changed\": {\"fields\": [\"\\u0417\\u0430\\u0433\\u043e\\u043b\\u043e\\u0432\\u043e\\u043a\"]}}]"}}, {"model": "admin.logentry", "pk": 167, "fields": {"action_time": "2023-05-16T16:27:48.077Z", "user": 1, "content_type": 9, "object_id": "8", "object_repr": "АТРИБУТИКА ТА СУВЕНІРИ — Фігурки і моделі героїв", "action_flag": 2, "change_message": "[{\"changed\": {\"fields\": [\"\\u0417\\u0430\\u0433\\u043e\\u043b\\u043e\\u0432\\u043e\\u043a\"]}}]"}}, {"model": "admin.logentry", "pk": 168, "fields": {"action_time": "2023-05-16T16:28:58.948Z", "user": 1, "content_type": 9, "object_id": "9", "object_repr": "АТРИБУТИКА ТА СУВЕНІРИ — Чашки для геймерів", "action_flag": 1, "change_message": "[{\"added\": {}}]"}}, {"model": "auth.permission", "pk": 1, "fields": {"name": "Can add log entry", "content_type": 1, "codename": "add_logentry"}}, {"model": "auth.permission", "pk": 2, "fields": {"name": "Can change log entry", "content_type": 1, "codename": "change_logentry"}}, {"model": "auth.permission", "pk": 3, "fields": {"name": "Can delete log entry", "content_type": 1, "codename": "delete_logentry"}}, {"model": "auth.permission", "pk": 4, "fields": {"name": "Can view log entry", "content_type": 1, "codename": "view_logentry"}}, {"model": "auth.permission", "pk": 5, "fields": {"name": "Can add permission", "content_type": 2, "codename": "add_permission"}}, {"model": "auth.permission", "pk": 6, "fields": {"name": "Can change permission", "content_type": 2, "codename": "change_permission"}}, {"model": "auth.permission", "pk": 7, "fields": {"name": "Can delete permission", "content_type": 2, "codename": "delete_permission"}}, {"model": "auth.permission", "pk": 8, "fields": {"name": "Can view permission", "content_type": 2, "codename": "view_permission"}}, {"model": "auth.permission", "pk": 9, "fields": {"name": "Can add group", "content_type": 3, "codename": "add_group"}}, {"model": "auth.permission", "pk": 10, "fields": {"name": "Can change group", "content_type": 3, "codename": "change_group"}}, {"model": "auth.permission", "pk": 11, "fields": {"name": "Can delete group", "content_type": 3, "codename": "delete_group"}}, {"model": "auth.permission", "pk": 12, "fields": {"name": "Can view group", "content_type": 3, "codename": "view_group"}}, {"model": "auth.permission", "pk": 13, "fields": {"name": "Can add user", "content_type": 4, "codename": "add_user"}}, {"model": "auth.permission", "pk": 14, "fields": {"name": "Can change user", "content_type": 4, "codename": "change_user"}}, {"model": "auth.permission", "pk": 15, "fields": {"name": "Can delete user", "content_type": 4, "codename": "delete_user"}}, {"model": "auth.permission", "pk": 16, "fields": {"name": "Can view user", "content_type": 4, "codename": "view_user"}}, {"model": "auth.permission", "pk": 17, "fields": {"name": "Can add content type", "content_type": 5, "codename": "add_contenttype"}}, {"model": "auth.permission", "pk": 18, "fields": {"name": "Can change content type", "content_type": 5, "codename": "change_contenttype"}}, {"model": "auth.permission", "pk": 19, "fields": {"name": "Can delete content type", "content_type": 5, "codename": "delete_contenttype"}}, {"model": "auth.permission", "pk": 20, "fields": {"name": "Can view content type", "content_type": 5, "codename": "view_contenttype"}}, {"model": "auth.permission", "pk": 21, "fields": {"name": "Can add session", "content_type": 6, "codename": "add_session"}}, {"model": "auth.permission", "pk": 22, "fields": {"name": "Can change session", "content_type": 6, "codename": "change_session"}}, {"model": "auth.permission", "pk": 23, "fields": {"name": "Can delete session", "content_type": 6, "codename": "delete_session"}}, {"model": "auth.permission", "pk": 24, "fields": {"name": "Can view session", "content_type": 6, "codename": "view_session"}}, {"model": "auth.permission", "pk": 25, "fields": {"name": "Can add category", "content_type": 7, "codename": "add_category"}}, {"model": "auth.permission", "pk": 26, "fields": {"name": "Can change category", "content_type": 7, "codename": "change_category"}}, {"model": "auth.permission", "pk": 27, "fields": {"name": "Can delete category", "content_type": 7, "codename": "delete_category"}}, {"model": "auth.permission", "pk": 28, "fields": {"name": "Can view category", "content_type": 7, "codename": "view_category"}}, {"model": "auth.permission", "pk": 29, "fields": {"name": "Can add item", "content_type": 8, "codename": "add_item"}}, {"model": "auth.permission", "pk": 30, "fields": {"name": "Can change item", "content_type": 8, "codename": "change_item"}}, {"model": "auth.permission", "pk": 31, "fields": {"name": "Can delete item", "content_type": 8, "codename": "delete_item"}}, {"model": "auth.permission", "pk": 32, "fields": {"name": "Can view item", "content_type": 8, "codename": "view_item"}}, {"model": "auth.permission", "pk": 33, "fields": {"name": "Can add subcategory", "content_type": 9, "codename": "add_subcategory"}}, {"model": "auth.permission", "pk": 34, "fields": {"name": "Can change subcategory", "content_type": 9, "codename": "change_subcategory"}}, {"model": "auth.permission", "pk": 35, "fields": {"name": "Can delete subcategory", "content_type": 9, "codename": "delete_subcategory"}}, {"model": "auth.permission", "pk": 36, "fields": {"name": "Can view subcategory", "content_type": 9, "codename": "view_subcategory"}}, {"model": "auth.permission", "pk": 37, "fields": {"name": "Can add item_basket", "content_type": 10, "codename": "add_item_basket"}}, {"model": "auth.permission", "pk": 38, "fields": {"name": "Can change item_basket", "content_type": 10, "codename": "change_item_basket"}}, {"model": "auth.permission", "pk": 39, "fields": {"name": "Can delete item_basket", "content_type": 10, "codename": "delete_item_basket"}}, {"model": "auth.permission", "pk": 40, "fields": {"name": "Can view item_basket", "content_type": 10, "codename": "view_item_basket"}}, {"model": "auth.permission", "pk": 41, "fields": {"name": "Can add discount", "content_type": 11, "codename": "add_discount"}}, {"model": "auth.permission", "pk": 42, "fields": {"name": "Can change discount", "content_type": 11, "codename": "change_discount"}}, {"model": "auth.permission", "pk": 43, "fields": {"name": "Can delete discount", "content_type": 11, "codename": "delete_discount"}}, {"model": "auth.permission", "pk": 44, "fields": {"name": "Can view discount", "content_type": 11, "codename": "view_discount"}}, {"model": "auth.permission", "pk": 45, "fields": {"name": "Can add coupon", "content_type": 12, "codename": "add_coupon"}}, {"model": "auth.permission", "pk": 46, "fields": {"name": "Can change coupon", "content_type": 12, "codename": "change_coupon"}}, {"model": "auth.permission", "pk": 47, "fields": {"name": "Can delete coupon", "content_type": 12, "codename": "delete_coupon"}}, {"model": "auth.permission", "pk": 48, "fields": {"name": "Can view coupon", "content_type": 12, "codename": "view_coupon"}}, {"model": "auth.permission", "pk": 49, "fields": {"name": "Can add coupon", "content_type": 13, "codename": "add_coupon"}}, {"model": "auth.permission", "pk": 50, "fields": {"name": "Can change coupon", "content_type": 13, "codename": "change_coupon"}}, {"model": "auth.permission", "pk": 51, "fields": {"name": "Can delete coupon", "content_type": 13, "codename": "delete_coupon"}}, {"model": "auth.permission", "pk": 52, "fields": {"name": "Can view coupon", "content_type": 13, "codename": "view_coupon"}}, {"model": "auth.permission", "pk": 53, "fields": {"name": "Can add order", "content_type": 14, "codename": "add_order"}}, {"model": "auth.permission", "pk": 54, "fields": {"name": "Can change order", "content_type": 14, "codename": "change_order"}}, {"model": "auth.permission", "pk": 55, "fields": {"name": "Can delete order", "content_type": 14, "codename": "delete_order"}}, {"model": "auth.permission", "pk": 56, "fields": {"name": "Can view order", "content_type": 14, "codename": "view_order"}}, {"model": "auth.permission", "pk": 57, "fields": {"name": "Can add order item", "content_type": 15, "codename": "add_orderitem"}}, {"model": "auth.permission", "pk": 58, "fields": {"name": "Can change order item", "content_type": 15, "codename": "change_orderitem"}}, {"model": "auth.permission", "pk": 59, "fields": {"name": "Can delete order item", "content_type": 15, "codename": "delete_orderitem"}}, {"model": "auth.permission", "pk": 60, "fields": {"name": "Can view order item", "content_type": 15, "codename": "view_orderitem"}}, {"model": "auth.user", "pk": 1, "fields": {"password": "pbkdf2_sha256$260000$cvV5iBEd6mx5DUb8xR344G$F329RlXu6wU4fbIz5G6bcsRpFwbT1OTbu1n5TvjCZfo=", "last_login": "2023-05-16T15:15:42.396Z", "is_superuser": true, "username": "admin", "first_name": "", "last_name": "", "email": "", "is_staff": true, "is_active": true, "date_joined": "2023-05-16T13:31:17.566Z", "groups": [], "user_permissions": []}}, {"model": "contenttypes.contenttype", "pk": 1, "fields": {"app_label": "admin", "model": "logentry"}}, {"model": "contenttypes.contenttype", "pk": 2, "fields": {"app_label": "auth", "model": "permission"}}, {"model": "contenttypes.contenttype", "pk": 3, "fields": {"app_label": "auth", "model": "group"}}, {"model": "contenttypes.contenttype", "pk": 4, "fields": {"app_label": "auth", "model": "user"}}, {"model": "contenttypes.contenttype", "pk": 5, "fields": {"app_label": "contenttypes", "model": "contenttype"}}, {"model": "contenttypes.contenttype", "pk": 6, "fields": {"app_label": "sessions", "model": "session"}}, {"model": "contenttypes.contenttype", "pk": 7, "fields": {"app_label": "shop", "model": "category"}}, {"model": "contenttypes.contenttype", "pk": 8, "fields": {"app_label": "shop", "model": "item"}}, {"model": "contenttypes.contenttype", "pk": 9, "fields": {"app_label": "shop", "model": "subcategory"}}, {"model": "contenttypes.contenttype", "pk": 10, "fields": {"app_label": "shop", "model": "item_basket"}}, {"model": "contenttypes.contenttype", "pk": 11, "fields": {"app_label": "shop", "model": "discount"}}, {"model": "contenttypes.contenttype", "pk": 12, "fields": {"app_label": "shop", "model": "coupon"}}, {"model": "contenttypes.contenttype", "pk": 13, "fields": {"app_label": "sale", "model": "coupon"}}, {"model": "contenttypes.contenttype", "pk": 14, "fields": {"app_label": "order", "model": "order"}}, {"model": "contenttypes.contenttype", "pk": 15, "fields": {"app_label": "order", "model": "orderitem"}}, {"model": "sessions.session", "pk": "e3v53lfvh9ad7c9u4g35m8wpy1yw1jqa", "fields": {"session_data": "eyJjYXJ0Ijp7IjI3MCI6eyJxdWFudGl0eSI6MSwicHJpY2UiOiIyNDkifX19:1q1Phk:Rf2piCfzVwYa0r0q2lRWs2eCbzv4C7wIqTEK-7As9L4", "expire_date": "2023-06-06T10:57:24.239Z"}}, {"model": "sessions.session", "pk": "f4zyiwey9x8tv70dmsvvhz2zbzw350xk", "fields": {"session_data": "eyJjYXJ0Ijp7IjI2MCI6eyJxdWFudGl0eSI6MSwicHJpY2UiOiIyNDkifX19:1pzH09:KxuYqnY5Z-y_o_ZbrVw1QzOrkOF1UAcZ2eqGxKb_7sw", "expire_date": "2023-05-31T13:15:33.852Z"}}, {"model": "sessions.session", "pk": "m9xmlgvyg8ww4qed04h4b8yqodlrel4u", "fields": {"session_data": "eyJjYXJ0Ijp7IjExMSI6eyJxdWFudGl0eSI6MSwicHJpY2UiOiIxOTk5In19fQ:1pyz9c:FNOHYaX4TPUehWezAzpTa-XH0E8fg0kcBA9gVUbfxhc", "expire_date": "2023-05-30T18:12:08.374Z"}}, {"model": "sessions.session", "pk": "qwsj05u7kyd59sodkmrx0q4aqypsv68o", "fields": {"session_data": ".eJxVzssKgzAQBdB_mbWETHzUuOy-3yCTV01bYhvjooj_3gSE4mrg3jPDbKApJhg2QMQyPiuF5NMXBlHBO3ptYQCUUsJegej42eDfiCaTbEZa0zSui42jN2UXTpki_bShFOZB4T4zPYcUvWKFsKNd2G029nU97OnARMtUzmpDBi9da2QvuLLC1HXjSEouqe_zw44rEjluUbim5q7TSJyIa4Oo0ML-A1XYT3k:1pyylG:w_HA4Cx9BXNwP0eWcf947ijs6vv8Cr5U5f4CPk7RF1Y", "expire_date": "2023-05-30T17:46:58.757Z"}}, {"model": "sessions.session", "pk": "z8i8bwcr3j41ns7eurfu9115lq4sn46f", "fields": {"session_data": ".eJxVjjEOgzAQBP9ydYR8NhBMmT5vQOezHUgim4ApIsTfgyMami1mV6NdgWlK0K6AOT4LhTSkL7RYX2CcBnbQAkoF23aBjpbUd8vspm6wmcOJGeKXC7mwTwqPWHAMaRpMkSfF0c7FPVr3vh3bk6Cnuc9atmTxWldWN1IYJ61SpSethaamQa29MCR3XKH0pRK-ZiRBJNgiGnS7lOMyxvB_idsPnHBJmQ:1pyvjK:LD80a9BqOlBWhiVWO6JdGIAGDxdJZ0tiDise3YZl8z8", "expire_date": "2023-05-30T14:32:46.047Z"}}, {"model": "shop.category", "pk": 1, "fields": {"order": 1, "title": "Товари для геймерів", "slug": "gaymers"}}, {"model": "shop.category", "pk": 2, "fields": {"order": 2, "title": "Периферiя", "slug": "perefer"}}, {"model": "shop.category", "pk": 3, "fields": {"order": 3, "title": "КРІСЛА І СТОЛИ", "slug": "tablesnchairs"}}, {"model": "shop.category", "pk": 4, "fields": {"order": 4, "title": "АТРИБУТИКА ТА СУВЕНІРИ", "slug": "models"}}, {"model": "shop.subcategory", "pk": 1, "fields": {"order": 1, "category": 1, "title": "Миші", "slug": "mous"}}, {"model": "shop.subcategory", "pk": 2, "fields": {"order": 2, "category": 1, "title": "Ігрові клавіатури", "slug": "keyboard"}}, {"model": "shop.subcategory", "pk": 3, "fields": {"order": 3, "category": 1, "title": "Ігрові навушники", "slug": "headphones"}}, {"model": "shop.subcategory", "pk": 4, "fields": {"order": 4, "category": 2, "title": "монітори", "slug": "monitors"}}, {"model": "shop.subcategory", "pk": 5, "fields": {"order": 5, "category": 3, "title": "Столи", "slug": "tables"}}, {"model": "shop.subcategory", "pk": 6, "fields": {"order": 6, "category": 3, "title": "Крісла для геймерів", "slug": "chairs"}}, {"model": "shop.subcategory", "pk": 7, "fields": {"order": 7, "category": 4, "title": "Брелоки", "slug": "toys"}}, {"model": "shop.subcategory", "pk": 8, "fields": {"order": 8, "category": 4, "title": "Фігурки і моделі героїв", "slug": "keychains"}}, {"model": "shop.subcategory", "pk": 9, "fields": {"order": 9, "category": 4, "title": "Чашки для геймерів", "slug": "cups"}}, {"model": "shop.item", "pk": 43, "fields": {"title": "ASUS ROG Gladius III AimPoint RGB White (90MP02Y0-BMUA10)", "slug": "5ae418c6-0f0e-4557-a0e3-de223539c956", "price": 4549, "order": 1, "is_active": true, "description": "", "category": 1, "main_photo_xxl2": "https://www.3ona51.com/images/products/gaming-mouses/asus-rog-gladius-iii-aimpoint-rgb-white-90mp02y0-bmua10/250.jpg"}}, {"model": "shop.item", "pk": 44, "fields": {"title": "Razer DeathAdder Essential (RZ01-03850100-R3M1)", "slug": "b0e80989-f068-46a5-b805-dd505c4f787a", "price": 949, "order": 1, "is_active": true, "description": "", "category": 1, "main_photo_xxl2": "https://www.3ona51.com/images/products/gaming-mouses/razer-deathadder-essential-rz01-02540100-r3m1/250_6.jpg"}}, {"model": "shop.item", "pk": 45, "fields": {"title": "Logitech G PRO X Superlight Wireless Black (910-005880)", "slug": "e031ca5e-69eb-4f42-8d4a-178d44faa8c5", "price": 5699, "order": 1, "is_active": true, "description": "", "category": 1, "main_photo_xxl2": "https://www.3ona51.com/images/products/gaming-mouses/logitech-g-pro-x-superlight-wireless-black-910-005880/250.jpg"}}, {"model": "shop.item", "pk": 46, "fields": {"title": "Razer DeathAdder V2 (RZ01-03210100-R3M1)", "slug": "c2e7ad53-e9f5-4b71-b565-5e67b5747c7d", "price": 1699, "order": 1, "is_active": true, "description": "", "category": 1, "main_photo_xxl2": "https://www.3ona51.com/images/products/gaming-mouses/razer-deathadder-v2-rz01-03210100-r3m1/250.jpg"}}, {"model": "shop.item", "pk": 47, "fields": {"title": "Razer Basilisk X Hyperspeed (RZ01-03150100-R3G1)", "slug": "65b823bb-1783-4e2d-b98a-1419ecb71d19", "price": 1799, "order": 1, "is_active": true, "description": "", "category": 1, "main_photo_xxl2": "https://www.3ona51.com/images/products/gaming-mouses/razer-basilisk-x-hyperspeed-rz01-03150100-r3g1/250.jpg"}}, {"model": "shop.item", "pk": 48, "fields": {"title": "Hator Quasar Wireless Black (HTM-420)", "slug": "04a0f489-fd56-4d73-9456-27bd36e2d799", "price": 1799, "order": 1, "is_active": true, "description": "", "category": 1, "main_photo_xxl2": "https://www.3ona51.com/images/products/gaming-mouses/hator-quasar-wireless-black-htm-420/250.jpg"}}, {"model": "shop.item", "pk": 49, "fields": {"title": "Razer Viper Ultimate & Mouse Dock (RZ01-03050100-R3G1)", "slug": "f3b1ac9f-e6ca-45ce-ad53-6e0da909bbd7", "price": 4499, "order": 1, "is_active": true, "description": "", "category": 1, "main_photo_xxl2": "https://www.3ona51.com/images/products/gaming-mouses/razer-viper-ultimate-rz01-03050100-r3g1/250.jpg"}}, {"model": "shop.item", "pk": 50, "fields": {"title": "Hator Pulsar Essential (HTM-312)", "slug": "bf121f05-ad0e-4c55-aec4-084f4d524091", "price": 799, "order": 1, "is_active": true, "description": "", "category": 1, "main_photo_xxl2": "https://www.3ona51.com/images/products/gaming-mouses/hator-pulsar-essential-htm_312/250.jpg"}}, {"model": "shop.item", "pk": 51, "fields": {"title": "Logitech G PRO X Superlight Wireless Magenta (910-005956)", "slug": "3d0c863e-0df3-43ae-be7b-efad5baf0495", "price": 5499, "order": 1, "is_active": true, "description": "", "category": 1, "main_photo_xxl2": "https://www.3ona51.com/images/products/gaming-mouses/logitech-g-pro-x-superlight-wireless-magenta-910-005956/250.jpg"}}, {"model": "shop.item", "pk": 52, "fields": {"title": "Logitech G102 Lightsync Black (910-005823)", "slug": "657c10a1-42b1-4c51-90a8-b17ca9f570b4", "price": 999, "order": 1, "is_active": true, "description": "", "category": 1, "main_photo_xxl2": "https://www.3ona51.com/images/products/gaming-mouses/logitech-g102-lightsync-black-910-005823/250.jpg"}}, {"model": "shop.item", "pk": 53, "fields": {"title": "Logitech G PRO Wireless (910-005272)", "slug": "035fe31a-b108-478c-be8d-ed895cbc5851", "price": 4799, "order": 1, "is_active": true, "description": "", "category": 1, "main_photo_xxl2": "https://www.3ona51.com/images/products/gaming-mouses/logitech-g-pro-wireless-910_005272/250.jpg"}}, {"model": "shop.item", "pk": 54, "fields": {"title": "Logitech G PRO X Superlight Wireless White (910-005942)", "slug": "f280348a-e129-44a1-a289-151381ed3c6f", "price": 5499, "order": 1, "is_active": true, "description": "", "category": 1, "main_photo_xxl2": "https://www.3ona51.com/images/products/gaming-mouses/logitech-g-pro-x-superlight-wireless-white-910-005942/250.jpg"}}, {"model": "shop.item", "pk": 55, "fields": {"title": "Hator Pulsar Wireless White (HTM-316)", "slug": "04f6b705-8bcb-4617-bb60-d0adede7febd", "price": 1499, "order": 1, "is_active": true, "description": "", "category": 1, "main_photo_xxl2": "https://www.3ona51.com/images/products/gaming-mouses/hator-pulsar-wireless-white-htm-316/250.jpg"}}, {"model": "shop.item", "pk": 56, "fields": {"title": "Logitech G102 Lightsync White (910-005824)", "slug": "974f1e98-0ce8-4274-ba02-18efaa8e9fa1", "price": 999, "order": 1, "is_active": true, "description": "", "category": 1, "main_photo_xxl2": "https://www.3ona51.com/images/products/gaming-mouses/logitech-g102-lightsync-white-910-005824/250.jpg"}}, {"model": "shop.item", "pk": 57, "fields": {"title": "Hator Pulsar Wireless Black (HTM-315)", "slug": "888b9c85-1ef2-446a-a0fc-8653c178315f", "price": 1499, "order": 1, "is_active": true, "description": "", "category": 1, "main_photo_xxl2": "https://www.3ona51.com/images/products/gaming-mouses/hator-pulsar-wireless-black-htm-315/250.jpg"}}, {"model": "shop.item", "pk": 58, "fields": {"title": "Logitech G102 Lightsync Lilac (910-005854)", "slug": "e8aa3568-89e1-4495-97a5-944f0b6bb463", "price": 999, "order": 1, "is_active": true, "description": "", "category": 1, "main_photo_xxl2": "https://www.3ona51.com/images/products/gaming-mouses/logitech-g102-lightsync-lilac-910-005854/250.jpg"}}, {"model": "shop.item", "pk": 59, "fields": {"title": "Logitech G305 Lightspeed Wireless Black (910-005282)", "slug": "7948f619-0037-4125-9cf6-52371d976766", "price": 1999, "order": 1, "is_active": true, "description": "", "category": 1, "main_photo_xxl2": "https://www.3ona51.com/images/products/gaming-mouses/logitech-g305-lightspeed-wireless-black-910-005282/250.jpg"}}, {"model": "shop.item", "pk": 60, "fields": {"title": "Logitech G502 X White (910-006146)", "slug": "e1b9e06a-c209-47e3-86cc-a602250cc40a", "price": 2199, "order": 1, "is_active": true, "description": "", "category": 1, "main_photo_xxl2": "https://www.3ona51.com/images/products/gaming-mouses/logitech-g502-x-white-910-006146/250.jpg"}}, {"model": "shop.item", "pk": 61, "fields": {"title": "Logitech G PRO X Superlight Wireless Red (910-006784)", "slug": "1c72baa6-9d5a-4376-9b38-0a7cea058fd0", "price": 5699, "order": 1, "is_active": true, "description": "", "category": 1, "main_photo_xxl2": "https://www.3ona51.com/images/products/gaming-mouses/logitech-g-pro-x-superlight-wireless-red-910-006784/250.jpg"}}, {"model": "shop.item", "pk": 62, "fields": {"title": "Logitech G305 Lightspeed Wireless Lilac (910-006022)", "slug": "bf07640a-f7e3-40f1-9c9b-f7168e7c25db", "price": 1899, "order": 1, "is_active": true, "description": "", "category": 1, "main_photo_xxl2": "https://www.3ona51.com/images/products/gaming-mouses/logitech-g305-lightspeed-wireless-lilac-910-006022/250.jpg"}}, {"model": "shop.item", "pk": 103, "fields": {"title": "HATOR Starfall RGB Pink Switch (HTK-599)", "slug": "8fe78879-8393-458d-b928-d79a33e3b5fd", "price": 1899, "order": 1, "is_active": true, "description": "", "category": 2, "main_photo_xxl2": "https://www.3ona51.com/images/products/gaming-keyboards/hator-starfall-rgb-pink-switch-htk-599/250.jpg"}}, {"model": "shop.item", "pk": 104, "fields": {"title": "HATOR Starfall RGB Green Switch (HTK-598)", "slug": "d15a5125-0189-4667-84e3-7db4d7ae854c", "price": 1899, "order": 1, "is_active": true, "description": "", "category": 2, "main_photo_xxl2": "https://www.3ona51.com/images/products/gaming-keyboards/hator-starfall-rgb-green-switch-htk-598/250.jpg"}}, {"model": "shop.item", "pk": 105, "fields": {"title": "HATOR Rockfall TKL Mecha Pink (HTK-621)", "slug": "4c0d06db-6527-43c5-b69f-a013394ed90c", "price": 2399, "order": 1, "is_active": true, "description": "", "category": 2, "main_photo_xxl2": "https://www.3ona51.com/images/products/gaming-keyboards/hator-rockfall-tkl-mecha-pink-htk-621/250.jpg"}}, {"model": "shop.item", "pk": 106, "fields": {"title": "RAZER Ornata V3 X (RZ03-04470800-R3R1)", "slug": "62be3acf-d7d4-415f-a59f-ddb174024046", "price": 1499, "order": 1, "is_active": true, "description": "", "category": 2, "main_photo_xxl2": "https://www.3ona51.com/images/products/gaming-keyboards/razer-ornata-v3x-rz03-04470100-r3m1/250.jpg"}}, {"model": "shop.item", "pk": 107, "fields": {"title": "Razer BlackWidow V3 TKL Green Switches RU (RZ03-03490700-R3R1)", "slug": "c69475ad-4de6-4aa6-a5b4-3f0d94d0babd", "price": 2999, "order": 1, "is_active": true, "description": "", "category": 2, "main_photo_xxl2": "https://www.3ona51.com/images/products/gaming-keyboards/razer-blackwidow-v3-tkl-rz03-03530100-r3m1/250.jpg"}}, {"model": "shop.item", "pk": 108, "fields": {"title": "Razer Cynosa Lite RGB Chroma (RZ03-02741500-R3R1)", "slug": "1836404a-bdb2-420c-a395-753356d23071", "price": 1199, "order": 1, "is_active": true, "description": "", "category": 2, "main_photo_xxl2": "https://www.3ona51.com/images/products/gaming-keyboards/razer-cynosa-lite-rz03-02741500-r3r1/250.jpg"}}, {"model": "shop.item", "pk": 109, "fields": {"title": "Hator Rockfall EVO TKL Optical Yellow (HTK-632)", "slug": "df473bd7-5a94-4dbb-9c19-c8025f5b221c", "price": 2599, "order": 1, "is_active": true, "description": "", "category": 2, "main_photo_xxl2": "https://www.3ona51.com/images/products/gaming-keyboards/hator-rockfall-evo-tkl-optical-yellow-htk-632/250_5.jpg"}}, {"model": "shop.item", "pk": 110, "fields": {"title": "Hator Rockfall EVO TKL Optical White (HTK-631)", "slug": "f05ef3b4-64b3-40e8-98f2-6cdef5dd44e5", "price": 2599, "order": 1, "is_active": true, "description": "", "category": 2, "main_photo_xxl2": "https://www.3ona51.com/images/products/gaming-keyboards/hator-rockfall-evo-tkl-optical-white-htk-631/250_4.jpg"}}, {"model": "shop.item", "pk": 111, "fields": {"title": "HATOR Rockfall TKL Mecha Green (HTK-620)", "slug": "801160f4-72d6-4b84-a060-052e491ac1ab", "price": 1999, "order": 1, "is_active": true, "description": "", "category": 2, "main_photo_xxl2": "https://www.3ona51.com/images/products/gaming-keyboards/hator-rockfall-tkl-mecha-green-htk-620/250.jpg"}}, {"model": "shop.item", "pk": 112, "fields": {"title": "RAZER Ornata V3 (RZ03-04460800-R3R1)", "slug": "36eebe17-5557-4219-b468-d72acfa1e06d", "price": 2499, "order": 1, "is_active": true, "description": "", "category": 2, "main_photo_xxl2": "https://www.3ona51.com/images/products/gaming-keyboards/razer-ornata-v3-rz03-04460100-r3m1/250.jpg"}}, {"model": "shop.item", "pk": 113, "fields": {"title": "HATOR Skyfall TKL PRO White (HTK-656)", "slug": "9c2e2484-1983-4ad0-8a1c-1d48dbcb8f9a", "price": 3399, "order": 1, "is_active": true, "description": "", "category": 2, "main_photo_xxl2": "https://www.3ona51.com/images/products/gaming-keyboards/hator-skyfall-tkl-pro-white-htk-656/250.jpg"}}, {"model": "shop.item", "pk": 114, "fields": {"title": "Logitech G213 Prodigy UKR (920-010740)", "slug": "02720ccb-e16b-4447-b2e7-81ba7d8e768c", "price": 1999, "order": 1, "is_active": true, "description": "", "category": 2, "main_photo_xxl2": "https://www.3ona51.com/images/products/gaming-keyboards/logitech-g213-prodigy-ukr-920-010740/250.jpg"}}, {"model": "shop.item", "pk": 115, "fields": {"title": "Logitech G715 Wireless Tactile White (920-010465)", "slug": "7b9b83e7-7cd0-450a-a09f-1409d976fde2", "price": 5999, "order": 1, "is_active": true, "description": "", "category": 2, "main_photo_xxl2": "https://www.3ona51.com/images/products/gaming-keyboards/logitech-g715-wireless-tactile-white-920-010465/250.jpg"}}, {"model": "shop.item", "pk": 116, "fields": {"title": "Logitech G713 Tactile White (920-010422)", "slug": "4a03abf7-7bdf-4258-9ef8-0b5c3380c3b1", "price": 4999, "order": 1, "is_active": true, "description": "", "category": 2, "main_photo_xxl2": "https://www.3ona51.com/images/products/gaming-keyboards/logitech-g713-tactile-white-920-010422/250.jpg"}}, {"model": "shop.item", "pk": 117, "fields": {"title": "Logitech G715 Wireless Linear White (920-010692)", "slug": "a989dba3-730d-4da2-be33-a1d7ee863768", "price": 5999, "order": 1, "is_active": true, "description": "", "category": 2, "main_photo_xxl2": "https://www.3ona51.com/images/products/gaming-keyboards/logitech-g715-wireless-linear-white-920-010692/250.jpg"}}, {"model": "shop.item", "pk": 118, "fields": {"title": "Logitech G413 TKL SE Mechanical Tactile Black (920-010447)", "slug": "0d08dd2b-cfb3-47f5-a14a-282dcbc89d69", "price": 2699, "order": 1, "is_active": true, "description": "", "category": 2, "main_photo_xxl2": "https://www.3ona51.com/images/products/gaming-keyboards/logitech-g413-tkl-se-mechanical-tactile-black-920-010447/250.jpg"}}, {"model": "shop.item", "pk": 119, "fields": {"title": "Logitech G713 Linear White (920-010678)", "slug": "2c60f7f1-3976-4dd5-b4b7-2a5fd22d6431", "price": 4999, "order": 1, "is_active": true, "description": "", "category": 2, "main_photo_xxl2": "https://www.3ona51.com/images/products/gaming-keyboards/logitech-g713-linear-white-920-010678/250.jpg"}}, {"model": "shop.item", "pk": 120, "fields": {"title": "Logitech G413 SE Mechanical Tactile Black (920-010438)", "slug": "de277b30-bf59-4219-9929-ce79a1d8f817", "price": 2999, "order": 1, "is_active": true, "description": "", "category": 2, "main_photo_xxl2": "https://www.3ona51.com/images/products/gaming-keyboards/logitech-g413-se-mechanical-tactile-black-920-010438/250.jpg"}}, {"model": "shop.item", "pk": 121, "fields": {"title": "Razer BlackWidow V4 Pro Yellow Switch (RZ03-04681800-R3M1)", "slug": "b62cc8f3-da2d-4783-87ab-9f351f4eccc0", "price": 9999, "order": 1, "is_active": true, "description": "", "category": 2, "main_photo_xxl2": "https://www.3ona51.com/images/products/gaming-keyboards/razer-blackwidow-v4-pro-yellow-switch-rz03-04681800-r3m1/250.jpg"}}, {"model": "shop.item", "pk": 122, "fields": {"title": "Razer BlackWidow V4 Pro Green Switch (RZ03-04680100-R3M1)", "slug": "0c8ff8d2-356b-40b9-9e0e-40735e454eb0", "price": 9999, "order": 1, "is_active": true, "description": "", "category": 2, "main_photo_xxl2": "https://www.3ona51.com/images/products/gaming-keyboards/razer-blackwidow-v4-pro-green-switch-rz03-04680100-r3m1/250.jpg"}}, {"model": "shop.item", "pk": 123, "fields": {"title": "Hator Hypergang EVO (HTA-810)", "slug": "41fed3d0-59ae-460e-b5fd-c1fbc7bab448", "price": 1699, "order": 1, "is_active": true, "description": "", "category": 3, "main_photo_xxl2": "https://www.3ona51.com/images/products/gaming-headphones/hator-hypergang-evo_hta-810/250.jpg"}}, {"model": "shop.item", "pk": 124, "fields": {"title": "Logitech Wireless Gaming Combo (981-001162)", "slug": "b53b9dce-1071-4d4c-b209-bae4b49451ae", "price": 3599, "order": 1, "is_active": true, "description": "", "category": 3, "main_photo_xxl2": "https://www.3ona51.com/images/products/gaming-headphones/igrovoj-komplekt-logitech-wireless-gaming-combo-981-001162/250.jpg"}}, {"model": "shop.item", "pk": 125, "fields": {"title": "Logitech G Pro X Gaming Headset (981-000818)", "slug": "fbcb8263-2da5-4484-bd56-17ca21cd7593", "price": 4799, "order": 1, "is_active": true, "description": "", "category": 3, "main_photo_xxl2": "https://www.3ona51.com/images/products/gaming-headphones/logitech-g-pro-x-gaming-headset-981-000818/250.jpg"}}, {"model": "shop.item", "pk": 126, "fields": {"title": "Razer Blackshark V2 X (RZ04-03240100-R3M1)", "slug": "a58b177a-8793-4d5a-a6a5-2c0ce0cea7a0", "price": 2299, "order": 1, "is_active": true, "description": "", "category": 3, "main_photo_xxl2": "https://www.3ona51.com/images/products/gaming-headphones/razer-blackshark-v2-x-rz04-03240100-r3m1/250.jpg"}}, {"model": "shop.item", "pk": 127, "fields": {"title": "Hator Hypergang EVO Elite (HTA-830) Black", "slug": "9f08a00a-c1b1-40d4-8269-364156831c1f", "price": 1999, "order": 1, "is_active": true, "description": "", "category": 3, "main_photo_xxl2": "https://www.3ona51.com/images/products/gaming-headphones/hator-hypergang-evo-elite-hta_830-black/250.jpg"}}, {"model": "shop.item", "pk": 128, "fields": {"title": "Hator Hypergang Wireless Tri-mode Black (HTA-850)", "slug": "41cd33ec-0f9d-4914-a264-9aa286d3f2c8", "price": 2999, "order": 1, "is_active": true, "description": "", "category": 3, "main_photo_xxl2": "https://www.3ona51.com/images/products/gaming-headphones/hator-hypergang-wireless-tri-mode-black-hta-850/250.jpg"}}, {"model": "shop.item", "pk": 129, "fields": {"title": "Razer Kraken Green (RZ04-02830200-R3M1)", "slug": "0dc15a1b-4c04-4937-963f-ba9955eb4e1e", "price": 2499, "order": 1, "is_active": true, "description": "", "category": 3, "main_photo_xxl2": "https://www.3ona51.com/images/products/razer/kraken-multi-platform-green-rz04-02830200-r3m1/250.jpg"}}, {"model": "shop.item", "pk": 130, "fields": {"title": "Razer Kraken Black (RZ04-02830100-R3M1)", "slug": "3b7ac718-de51-4a9d-b398-a2eaa5df45eb", "price": 2299, "order": 1, "is_active": true, "description": "", "category": 3, "main_photo_xxl2": "https://www.3ona51.com/images/products/gaming-headphones/razer-kraken-multi-platform-black-rz04-02830100-r3m1/250.jpg"}}, {"model": "shop.item", "pk": 131, "fields": {"title": "Hator Hellraizer (HTA-814) White", "slug": "e33d75d8-a5f4-4581-bce9-0b524e0d314f", "price": 899, "order": 1, "is_active": true, "description": "", "category": 3, "main_photo_xxl2": "https://www.3ona51.com/images/products/gaming-headphones/hator-hellraizer-hta-814-white/250.jpg"}}, {"model": "shop.item", "pk": 132, "fields": {"title": "Logitech G435 Black (981-001050)", "slug": "59ce89a2-ccdf-4657-ae3c-7cc27d855fa7", "price": 3399, "order": 1, "is_active": true, "description": "", "category": 3, "main_photo_xxl2": "https://www.3ona51.com/images/products/gaming-headphones/logitech-g435-black-981-001050/250.jpg"}}, {"model": "shop.item", "pk": 133, "fields": {"title": "Razer Blackshark V2 X White (RZ04-03240700-R3M1)", "slug": "cfd56bbc-55d6-4509-b051-39df03c61c60", "price": 2299, "order": 1, "is_active": true, "description": "", "category": 3, "main_photo_xxl2": "https://www.3ona51.com/images/products/gaming-headphones/razer-blackshark-v2-x-white-rz04-03240700-r3m1/250_5.jpg"}}, {"model": "shop.item", "pk": 134, "fields": {"title": "Logitech G Pro Gaming Headset (981-000812)", "slug": "dc534d64-ae5e-4382-a086-41923eaa68b5", "price": 3999, "order": 1, "is_active": true, "description": "", "category": 3, "main_photo_xxl2": "https://www.3ona51.com/images/products/gaming-headphones/logitech-g-pro-gaming-headset-981-000812/250.jpg"}}, {"model": "shop.item", "pk": 135, "fields": {"title": "Logitech G335 Wired Gaming Headset Black (981-000978)", "slug": "2454e78e-5731-4c59-8777-4874ee3ec2f8", "price": 2799, "order": 1, "is_active": true, "description": "", "category": 3, "main_photo_xxl2": "https://www.3ona51.com/images/products/gaming-headphones/logitech-g335-wired-gaming-headset-white-981-001018/250.jpg"}}, {"model": "shop.item", "pk": 136, "fields": {"title": "Logitech G335 Wired Gaming Headset White (981-001018)", "slug": "841fc6a6-7708-4a6f-b0c0-78d2ce177d29", "price": 2599, "order": 1, "is_active": true, "description": "", "category": 3, "main_photo_xxl2": "https://www.3ona51.com/images/products/gaming-headphones/logitech-g335-wired-gaming-headset-white-981-001018/250_3.jpg"}}, {"model": "shop.item", "pk": 137, "fields": {"title": "Logitech G435 White (981-001074)", "slug": "0a5ceb79-8f5c-46f3-95ee-6543e8b6a0d9", "price": 3199, "order": 1, "is_active": true, "description": "", "category": 3, "main_photo_xxl2": "https://www.3ona51.com/images/products/gaming-headphones/logitech-g435-white-981-001074/250.jpg"}}, {"model": "shop.item", "pk": 138, "fields": {"title": "Razer Barracuda X 2022 Black (RZ04-04430100-R3M1)", "slug": "9a0b482c-27bf-467f-ac67-19e85f8adceb", "price": 3999, "order": 1, "is_active": true, "description": "", "category": 3, "main_photo_xxl2": "https://www.3ona51.com/images/products/gaming-headphones/razer-barracuda-x-2022-black-rz04-04430100-r3m1/250.jpg"}}, {"model": "shop.item", "pk": 139, "fields": {"title": "Logitech FITS True Wireless Gaming Earbuds Black (985-001182)", "slug": "ccb5149e-9c1e-4b72-a1ab-5c619bd91ea1", "price": 6999, "order": 1, "is_active": true, "description": "", "category": 3, "main_photo_xxl2": "https://www.3ona51.com/images/products/gaming-headphones/logitech-fits-true-wireless-gaming-earbuds-black-985-001182/250.jpg"}}, {"model": "shop.item", "pk": 140, "fields": {"title": "Logitech G435 Blue (981-001062)", "slug": "2b5ed43e-b68c-4a47-9d88-f48cc0a347c0", "price": 2999, "order": 1, "is_active": true, "description": "", "category": 3, "main_photo_xxl2": "https://www.3ona51.com/images/products/gaming-headphones/logitech-g435-blue-981-001062/250.jpg"}}, {"model": "shop.item", "pk": 141, "fields": {"title": "Logitech FITS True Wireless Gaming Earbuds White (985-001183)", "slug": "694cd1c1-4650-46de-9e5b-765741198285", "price": 6999, "order": 1, "is_active": true, "description": "", "category": 3, "main_photo_xxl2": "https://www.3ona51.com/images/products/gaming-headphones/logitech-fits-true-wireless-gaming-earbuds-white-985-001183/250.jpg"}}, {"model": "shop.item", "pk": 142, "fields": {"title": "Logitech G335 Wired Gaming Headset Mint (981-001024)", "slug": "8beca817-994d-44fb-8d41-834c59be4dca", "price": 2599, "order": 1, "is_active": true, "description": "", "category": 3, "main_photo_xxl2": "https://www.3ona51.com/images/products/gaming-headphones/logitech-g335-wired-gaming-headset-mint-981-001024/250.jpg"}}, {"model": "shop.item", "pk": 143, "fields": {"title": "Asus ROG Strix 43 XG43UQ (90LM0590-B02170)", "slug": "2e70345c-b8e8-4c51-8ccf-79d3ce5fe4a2", "price": 66599, "order": 1, "is_active": true, "description": "", "category": 4, "main_photo_xxl2": "https://www.3ona51.com/images/products/monitors/asus-rog-strix-43-xg43uq-90lm0590-b02170/250.jpg"}}, {"model": "shop.item", "pk": 144, "fields": {"title": "HyperX Armada 27 (64V69AA)", "slug": "6b75ce0a-931b-416e-ad78-1c5259a640b8", "price": 22499, "order": 1, "is_active": true, "description": "", "category": 4, "main_photo_xxl2": "https://www.3ona51.com/images/products/monitors/hyperx-armada-27-64v69aa/250.jpg"}}, {"model": "shop.item", "pk": 145, "fields": {"title": "HyperX Armada 25 (64V61AA)", "slug": "e3095f0a-810d-4b68-be99-a1ce5511660c", "price": 19999, "order": 1, "is_active": true, "description": "", "category": 4, "main_photo_xxl2": "https://www.3ona51.com/images/products/monitors/hyperx-armada-25-xg43uq-64v61aa/250.jpg"}}, {"model": "shop.item", "pk": 146, "fields": {"title": "Asus TUF Gaming 34 VG34VQEL1A (90LM06F0-B01E70)", "slug": "8961ae9a-f0aa-496b-9245-553f84d4cc42", "price": 22999, "order": 1, "is_active": true, "description": "", "category": 4, "main_photo_xxl2": "https://www.3ona51.com/images/products/monitors/asus-tuf-gaming-34-vg34vqel1a-90lm06f0-b01e70/250.jpg"}}, {"model": "shop.item", "pk": 147, "fields": {"title": "Asus 42.5 XG438QR (90LM04U0-B02170)", "slug": "1faf5f0a-e3fe-4fa8-a9f5-0b07c8466031", "price": 55599, "order": 1, "is_active": true, "description": "", "category": 4, "main_photo_xxl2": "https://www.3ona51.com/images/products/monitors/asus-42-5-xg438qr-90lm04u0-b02170/250.jpg"}}, {"model": "shop.item", "pk": 148, "fields": {"title": "Asus ROG Swift 32 PG329Q-W (90LM06L2-B01170)", "slug": "7802b3c8-1baa-45ac-b9df-c58fc9c314ad", "price": 41699, "order": 1, "is_active": true, "description": "", "category": 4, "main_photo_xxl2": "https://www.3ona51.com/images/products/monitors/asus-rog-swift-32-pg329q-w-90lm06l2-b01170/250.jpg"}}, {"model": "shop.item", "pk": 149, "fields": {"title": "Asus TUF Gaming 27 VG27AQA1A (90LM05Z0-B05370)", "slug": "8d68890a-eae7-4ed4-823c-a4bf2d8d4074", "price": 13999, "order": 1, "is_active": true, "description": "", "category": 4, "main_photo_xxl2": "https://www.3ona51.com/images/products/monitors/asus-tuf-gaming-27-vg27aqa1a-90lm05z0-b05370/250.jpg"}}, {"model": "shop.item", "pk": 150, "fields": {"title": "Asus TUF Gaming 27 VG279Q1R (90LM05S1-B01E70)", "slug": "74f009e4-50b0-4a03-9630-7029eb1b9c9b", "price": 10999, "order": 1, "is_active": true, "description": "", "category": 4, "main_photo_xxl2": "https://www.3ona51.com/images/products/monitors/asus-tuf-gaming-27-vg279q1r-90lm05s1-b01e70/250.jpg"}}, {"model": "shop.item", "pk": 151, "fields": {"title": "Asus 32 VG32VQR (90LM04I0-B03170)", "slug": "a7bc79d1-2a51-4a29-bb84-933050b5c397", "price": 16599, "order": 1, "is_active": true, "description": "", "category": 4, "main_photo_xxl2": "https://www.3ona51.com/images/products/monitors/asus-32-vg32vqr-90lm04i0-b03170/250.jpg"}}, {"model": "shop.item", "pk": 152, "fields": {"title": "HATOR Vast Essential Black (HTD-010)", "slug": "6de433f6-fe19-4689-90fa-30c30a040b73", "price": 4999, "order": 1, "is_active": true, "description": "", "category": 5, "main_photo_xxl2": "https://www.3ona51.com/images/products/gaming-desks/hator-vast-essential-black-htd-010/250.jpg"}}, {"model": "shop.item", "pk": 153, "fields": {"title": "HATOR Vast PRO Black (HTD-050)", "slug": "1bc3bf2a-edb3-42b7-8c42-f4cb37351f5f", "price": 9999, "order": 1, "is_active": true, "description": "", "category": 5, "main_photo_xxl2": "https://www.3ona51.com/images/products/gaming-desks/hator-vast-pro-black-htd-050/250_8.jpg"}}, {"model": "shop.item", "pk": 154, "fields": {"title": "DXRacer GD/003/N Black", "slug": "f7a7bbcd-4247-48c8-986e-f4cbe017ff54", "price": 7999, "order": 1, "is_active": true, "description": "", "category": 5, "main_photo_xxl2": "https://www.3ona51.com/images/products/gaming-desks/dxracer-gd-003-n-black/250.jpg"}}, {"model": "shop.item", "pk": 155, "fields": {"title": "HATOR Vast Essential Wallnut/White (HTD-011)", "slug": "036682ff-47a3-4789-8765-52581b386178", "price": 4999, "order": 1, "is_active": true, "description": "", "category": 5, "main_photo_xxl2": "https://www.3ona51.com/images/products/gaming-desks/hator-vast-essential-wallnut-white-htd-011/250.jpg"}}, {"model": "shop.item", "pk": 156, "fields": {"title": "DXRacer LT/007/N Black", "slug": "b74f4510-6493-40e9-aad6-1819ed599abb", "price": 5999, "order": 1, "is_active": true, "description": "", "category": 5, "main_photo_xxl2": "https://www.3ona51.com/images/products/gaming-desks/dxracer-lt-007-n-black/250.jpg"}}, {"model": "shop.item", "pk": 157, "fields": {"title": "HATOR Vast Essential White (HTD-012)", "slug": "3b666e47-ba8a-4ec1-ba60-69016962d27a", "price": 4999, "order": 1, "is_active": true, "description": "", "category": 5, "main_photo_xxl2": "https://www.3ona51.com/images/products/gaming-desks/hator-vast-essential-white-htd_012/250.jpg"}}, {"model": "shop.item", "pk": 158, "fields": {"title": "HATOR Vast PRO Wallnut/White (HTD-051)", "slug": "ab6d2039-7530-4797-89ae-06763c8a54ea", "price": 9999, "order": 1, "is_active": true, "description": "", "category": 5, "main_photo_xxl2": "https://www.3ona51.com/images/products/gaming-desks/hator-vast-pro-wallnut-white-htd-051/250.jpg"}}, {"model": "shop.item", "pk": 159, "fields": {"title": "HATOR Vast PRO White (HTD-052)", "slug": "f1f601eb-b159-43c9-b895-57c188fff229", "price": 9999, "order": 1, "is_active": true, "description": "", "category": 5, "main_photo_xxl2": "https://www.3ona51.com/images/products/gaming-desks/hator-vast-pro-white-htd-052/250.jpg"}}, {"model": "shop.item", "pk": 160, "fields": {"title": "Hator Darkside (HTC-919) Black", "slug": "ef09ef47-4a67-4af1-b755-2dd546032f90", "price": 7199, "order": 1, "is_active": true, "description": "", "category": 6, "main_photo_xxl2": "https://www.3ona51.com/images/products/gaming-chairs/hator-darkside-htc-919-black/250.jpg"}}, {"model": "shop.item", "pk": 161, "fields": {"title": "Hator Arc (HTC-985) Phantom Black", "slug": "208adbcb-811c-494d-a0f9-b7ae4450a6e6", "price": 14499, "order": 1, "is_active": true, "description": "", "category": 6, "main_photo_xxl2": "https://www.3ona51.com/images/products/gaming-chairs/hator-arc-htc-985-phantom-black/250.jpg"}}, {"model": "shop.item", "pk": 162, "fields": {"title": "DXRacer G Series D8200 GC-G001-NR-B2-NVF Black/Red", "slug": "f0815df9-e3dd-404d-b4ea-12bd4834a1c8", "price": 10999, "order": 1, "is_active": true, "description": "", "category": 6, "main_photo_xxl2": "https://www.3ona51.com/images/products/gaming-chairs/dxracer-g-series-d8200-gc-g001-nr-b2-nvf-black-red/250.jpg"}}, {"model": "shop.item", "pk": 163, "fields": {"title": "Hator Arc (HTC-986) Terracotta", "slug": "94b7dc45-d544-4844-8155-2dc266ccf6ca", "price": 13499, "order": 1, "is_active": true, "description": "", "category": 6, "main_photo_xxl2": "https://www.3ona51.com/images/products/gaming-chairs/hator-arc-htc-986-terracotta/250.jpg"}}, {"model": "shop.item", "pk": 164, "fields": {"title": "DXRacer Air PRO AIR/D7200/N Black", "slug": "e4a6aa71-7386-40a9-8a53-02b1f56437e4", "price": 15999, "order": 1, "is_active": true, "description": "", "category": 6, "main_photo_xxl2": "https://www.3ona51.com/images/products/gaming-chairs/dxracer-a-series-oa-ch001-n-2-nvf-black/250.jpg"}}, {"model": "shop.item", "pk": 165, "fields": {"title": "DXRacer King GC-K99-N-A3-01-NVF Black", "slug": "3b136f78-62a5-4eb2-a3ad-f80599e44aee", "price": 14999, "order": 1, "is_active": true, "description": "", "category": 6, "main_photo_xxl2": "https://www.3ona51.com/images/products/gaming-chairs/dxracer-king-gc-k99-n-a3-01-nvf-black/250.jpg"}}, {"model": "shop.item", "pk": 166, "fields": {"title": "Hator Arc Fabric (HTC-997) Emerald", "slug": "7535dcde-6638-4f9f-bfb2-38d06b7ad010", "price": 17999, "order": 1, "is_active": true, "description": "", "category": 6, "main_photo_xxl2": "https://www.3ona51.com/images/products/gaming-chairs/hator-arc-fabric-htc-997-emerald/250.jpg"}}, {"model": "shop.item", "pk": 167, "fields": {"title": "DXRacer Air PRO AIR/D7200/WRB.G Yellow & Red & Blue", "slug": "dbe5f13f-956e-49fb-ae45-0642e4ff4ec3", "price": 15999, "order": 1, "is_active": true, "description": "", "category": 6, "main_photo_xxl2": "https://www.3ona51.com/images/products/gaming-chairs/dxracer-air-pro-air-d7200-wrb-g-yellow-red-blue/250.jpg"}}, {"model": "shop.item", "pk": 168, "fields": {"title": "Razer Iskur Black (RZ38-02770200-R3G1)", "slug": "651e7be4-6936-41ff-98b7-21111a7fe02a", "price": 16999, "order": 1, "is_active": true, "description": "", "category": 6, "main_photo_xxl2": "https://www.3ona51.com/images/products/gaming-chairs/razer-iskur-black-rz38-02770200-r3g1/250.jpg"}}, {"model": "shop.item", "pk": 169, "fields": {"title": "DXRacer King GC-K99-NG-A3-01-NVF Grey", "slug": "04ca4f4c-d2e4-48b0-bbca-808938ed1858", "price": 14999, "order": 1, "is_active": true, "description": "", "category": 6, "main_photo_xxl2": "https://www.3ona51.com/images/products/gaming-chairs/dxracer-king-gc-k99-ng-a3-01-nvf-grey/250.jpg"}}, {"model": "shop.item", "pk": 170, "fields": {"title": "Hator Arc S (HTC-1004) Phantom Black", "slug": "70ea9c80-75bb-4585-babd-3633c0f74e5c", "price": 18999, "order": 1, "is_active": true, "description": "", "category": 6, "main_photo_xxl2": "https://www.3ona51.com/images/products/gaming-chairs/hator-arc-s-htc-1004-phantom_black/250.jpg"}}, {"model": "shop.item", "pk": 171, "fields": {"title": "Hator Arc Fabric (HTC-996) Sandy Brown", "slug": "5dd58f92-adc3-4b90-b2f4-6ee763a7aa13", "price": 13999, "order": 1, "is_active": true, "description": "", "category": 6, "main_photo_xxl2": "https://www.3ona51.com/images/products/gaming-chairs/hator-arc-fabric-htc-996-sandy-brown/250.jpg"}}, {"model": "shop.item", "pk": 172, "fields": {"title": "Hator Arc Fabric (HTC-993) Plummy Violet", "slug": "cb4dcf7b-d1ae-4e28-94d6-d61fdcd562f9", "price": 13999, "order": 1, "is_active": true, "description": "", "category": 6, "main_photo_xxl2": "https://www.3ona51.com/images/products/gaming-chairs/hator-arc-fabric-htc-993-plummy-violet/250.jpg"}}, {"model": "shop.item", "pk": 173, "fields": {"title": "Hator Arc Fabric (HTC-980) Sweety Mint", "slug": "a7106b0c-2ddb-4665-81b9-a5576a00ce46", "price": 13999, "order": 1, "is_active": true, "description": "", "category": 6, "main_photo_xxl2": "https://www.3ona51.com/images/products/gaming-chairs/hator-arc-fabric-htc-980-sweety-mint/250.jpg"}}, {"model": "shop.item", "pk": 174, "fields": {"title": "Hator Arc Fabric (HTC-981) Juicy Lime", "slug": "c344352c-528f-4842-9b77-3abd73844ab4", "price": 13999, "order": 1, "is_active": true, "description": "", "category": 6, "main_photo_xxl2": "https://www.3ona51.com/images/products/gaming-chairs/hator-arc-fabric-htc-981-juicy-_lime/250.jpg"}}, {"model": "shop.item", "pk": 175, "fields": {"title": "Hator Arc S (HTC-1000) Marrakesh Brown", "slug": "eb826b4b-a0f4-4c49-8221-4001a384692f", "price": 18999, "order": 1, "is_active": true, "description": "", "category": 6, "main_photo_xxl2": "https://www.3ona51.com/images/products/gaming-chairs/hator-arc-s-htc-1000-marrakesh-brown/250.jpg"}}, {"model": "shop.item", "pk": 176, "fields": {"title": "DXRacer Air PRO AIR/D7200/WRN.G White / Red", "slug": "d5adbfae-990d-4276-9bcc-dcc120e48ab7", "price": 15999, "order": 1, "is_active": true, "description": "", "category": 6, "main_photo_xxl2": "https://www.3ona51.com/images/products/gaming-chairs/dxracer-air-pro-air-d7200-wrn-g-white-red/250.jpg"}}, {"model": "shop.item", "pk": 177, "fields": {"title": "Hator Arc Fabric (HTC-995) Saffron Yellow", "slug": "ad3ac512-2b19-41e2-a19c-fa3d5311c687", "price": 13999, "order": 1, "is_active": true, "description": "", "category": 6, "main_photo_xxl2": "https://www.3ona51.com/images/products/gaming-chairs/hator-arc-fabric-htc-995-saffron-yellow/250.jpg"}}, {"model": "shop.item", "pk": 178, "fields": {"title": "Hator Arc S (HTC-1001) Mineral Grey", "slug": "0d880267-6327-444d-aba0-37022d023764", "price": 18999, "order": 1, "is_active": true, "description": "", "category": 6, "main_photo_xxl2": "https://www.3ona51.com/images/products/gaming-chairs/hator-arc-s-htc-1001-mineral-grey/250.jpg"}}, {"model": "shop.item", "pk": 179, "fields": {"title": "Hator Arc Fabric (HTC-994) Stelvio Red", "slug": "c7e848e0-b3aa-4511-a166-f30abb3a0933", "price": 13999, "order": 1, "is_active": true, "description": "", "category": 6, "main_photo_xxl2": "https://www.3ona51.com/images/products/gaming-chairs/hator-arc-fabric-htc-994-stelvio-red/250.jpg"}}, {"model": "shop.item", "pk": 240, "fields": {"title": "Blizzard Overwatch Genji Statue (B62464)", "slug": "e5d557c2-6410-4ae7-820f-850b68ee818a", "price": 6999, "order": 1, "is_active": true, "description": "", "category": 8, "main_photo_xxl2": "https://www.3ona51.com/images/products/models/blizzard-overwatch-genji-statue-b62464/250.jpg"}}, {"model": "shop.item", "pk": 241, "fields": {"title": "Blizzard Cute But Deadly Blind Vinyls - Reinhardt Figure (B63060)", "slug": "90dcc33d-365b-4a72-8df2-54c1108dfa01", "price": 599, "order": 1, "is_active": true, "description": "", "category": 8, "main_photo_xxl2": "https://www.3ona51.com/images/products/models/blizzard-cute-but-deadly-blind-vinyls--reinhardt-figure-b63060/250.jpg"}}, {"model": "shop.item", "pk": 242, "fields": {"title": "Blizzard Cute But Deadly Blind Vinyls - Winston (B62943)", "slug": "b1d5979c-e988-4ccb-a1fb-cc04aecc1d63", "price": 599, "order": 1, "is_active": true, "description": "", "category": 8, "main_photo_xxl2": "https://www.3ona51.com/images/products/models/blizzard-cute-but-deadly-blind-vinyls--winston-b62943/250.jpg"}}, {"model": "shop.item", "pk": 243, "fields": {"title": "Blizzard Cute But Deadly Blind Vinyls - Vampire Symmetra Figure (B63064)", "slug": "ac0a381a-0300-4832-aed6-fb3a02107e42", "price": 399, "order": 1, "is_active": true, "description": "", "category": 8, "main_photo_xxl2": "https://www.3ona51.com/images/products/models/blizzard-cute-but-deadly-blind-vinyls--vampire-symmetra-figure-b63064/250.jpg"}}, {"model": "shop.item", "pk": 244, "fields": {"title": "Blizzard Cute But Deadly Blind Vinyls - Nuit Widowmaker (B63525)", "slug": "83f50a4b-d8ea-4348-81ca-e816481a40d9", "price": 399, "order": 1, "is_active": true, "description": "", "category": 8, "main_photo_xxl2": "https://www.3ona51.com/images/products/models/blizzard-cute-but-deadly-blind-vinyls--nuit-widowmaker-b63525/250.jpg"}}, {"model": "shop.item", "pk": 245, "fields": {"title": "Blizzard Cute But Deadly Blind Vinyls - Shiver Reaper Figure (B63068)", "slug": "4454ac92-9378-47c3-b75a-fb3c19babf46", "price": 399, "order": 1, "is_active": true, "description": "", "category": 8, "main_photo_xxl2": "https://www.3ona51.com/images/products/models/blizzard-cute-but-deadly-blind-vinyls--shiver-reaper-figure-b63068/250.jpg"}}, {"model": "shop.item", "pk": 246, "fields": {"title": "Blizzard Overwatch Mercy Statue (B62908)", "slug": "b4da64ec-ac52-4d9b-b91a-74580f05d116", "price": 6999, "order": 1, "is_active": true, "description": "", "category": 8, "main_photo_xxl2": "https://www.3ona51.com/images/products/models/blizzard-overwatch-mercy-statue-b62908/250.jpg"}}, {"model": "shop.item", "pk": 247, "fields": {"title": "Blizzard Cute But Deadly Blind Vinyls - Peppermint Sombra Figure (B63069)", "slug": "82ce0475-1ae8-4786-afb9-34ac395177d7", "price": 399, "order": 1, "is_active": true, "description": "", "category": 8, "main_photo_xxl2": "https://www.3ona51.com/images/products/models/blizzard-cute-but-deadly-blind-vinyls--peppermint-sombra-figure-b63069/250.jpg"}}, {"model": "shop.item", "pk": 248, "fields": {"title": "Blizzard Cute But Deadly Blind Vinyls - Series 4 (B62928)", "slug": "89f5d8fb-912b-48fd-aacd-2c99aa719f33", "price": 249, "order": 1, "is_active": true, "description": "", "category": 8, "main_photo_xxl2": "https://www.3ona51.com/images/products/models/blizzard-cute-but-deadly-blind-vinyls--series-4-b62928/250.jpg"}}, {"model": "shop.item", "pk": 249, "fields": {"title": "Blizzard Cute But Deadly Blind Vinyls - Series 3 (Overwatch Edition) (B62457)", "slug": "4f05aa8d-1efa-41d4-b2ac-0a0daeca6a95", "price": 249, "order": 1, "is_active": true, "description": "", "category": 8, "main_photo_xxl2": "https://www.3ona51.com/images/products/models/blizzard-cute-but-deadly-blind-vinyls--series-3-overwatch-edition-b62457/250.jpg"}}, {"model": "shop.item", "pk": 250, "fields": {"title": "Blizzard Cute But Deadly Blind Vinyls - Demon Hanzo Figure (B63065)", "slug": "0abd5b94-304b-425d-88e8-32c4ba8276cd", "price": 399, "order": 1, "is_active": true, "description": "", "category": 8, "main_photo_xxl2": "https://www.3ona51.com/images/products/models/blizzard-cute-but-deadly-blind-vinyls--demon-hanzo-figure-b63065/250.jpg"}}, {"model": "shop.item", "pk": 251, "fields": {"title": "Blizzard Cute But Deadly Blind Vinyls - Frosted Zarya Figure (B63067)", "slug": "0125e2dd-54ef-4ea4-b55d-475db9bbc970", "price": 399, "order": 1, "is_active": true, "description": "", "category": 8, "main_photo_xxl2": "https://www.3ona51.com/images/products/models/blizzard-cute-but-deadly-blind-vinyls--frosted-zarya-figure-b63067/250.jpg"}}, {"model": "shop.item", "pk": 252, "fields": {"title": "The Witcher 3: Wild Hunt: Geralt in Bath (761568003505)", "slug": "e8dee531-fdb4-40be-b2d7-57a2eee75baf", "price": 2949, "order": 1, "is_active": true, "description": "", "category": 8, "main_photo_xxl2": "https://www.3ona51.com/images/products/models/the-witcher-3-wild-hunt-geralt-in-bath-761568003505/250.jpg"}}, {"model": "shop.item", "pk": 253, "fields": {"title": "Blizzard World of Warcraft Saurfang (B63210)", "slug": "e4180c34-17a9-4f9d-a6ac-8e324ab2997b", "price": 1999, "order": 1, "is_active": true, "description": "", "category": 8, "main_photo_xxl2": "https://www.3ona51.com/images/products/models/blizzard-world-of-warcraft-saurfang-b63210/250.jpg"}}, {"model": "shop.item", "pk": 254, "fields": {"title": "The Witcher 3: Wild Hunt: Ciri (761568000269)", "slug": "93478ce0-544b-4f16-a3cc-70c116d36c4a", "price": 1649, "order": 1, "is_active": true, "description": "", "category": 8, "main_photo_xxl2": "https://www.3ona51.com/images/products/models/the-witcher-3-wild-hunt-ciri-761568000269/250.jpg"}}, {"model": "shop.item", "pk": 255, "fields": {"title": "The Witcher 3: Wild Hunt: Ciri 2nd Edition (761568005288)", "slug": "19c8955d-2201-47dc-a43e-2ac42075d6ce", "price": 1899, "order": 1, "is_active": true, "description": "", "category": 8, "main_photo_xxl2": "https://www.3ona51.com/images/products/models/the-witcher-3-wild-hunt-ciri-2nd-edition-761568005288/250.jpg"}}, {"model": "shop.item", "pk": 256, "fields": {"title": "The Witcher 3: Wild Hunt: Geralt Grandmaster Feline (761568005042)", "slug": "d85da69c-5e45-4b52-9c61-4bc3bfe5ba1c", "price": 1899, "order": 1, "is_active": true, "description": "", "category": 8, "main_photo_xxl2": "https://www.3ona51.com/images/products/models/the-witcher-3-wild-hunt-geralt-grandmaster-feline-761568005042/250.jpg"}}, {"model": "shop.item", "pk": 257, "fields": {"title": "The Witcher 3: Wild Hunt: Regis The Vampire Deluxe (761568005578)", "slug": "cf2840b7-ec09-40b2-ad25-ddaac97ddb89", "price": 2149, "order": 1, "is_active": true, "description": "", "category": 8, "main_photo_xxl2": "https://www.3ona51.com/images/products/models/the-witcher-3-wild-hunt-regis-the-vampire-deluxe-761568005578/250.jpg"}}, {"model": "shop.item", "pk": 258, "fields": {"title": "The Witcher 3: Wild Hunt: Yennefer 2nd Edition (761568005295)", "slug": "04bf75a8-075e-456b-82ea-0fccc7a68ae8", "price": 1899, "order": 1, "is_active": true, "description": "", "category": 8, "main_photo_xxl2": "https://www.3ona51.com/images/products/models/the-witcher-3-wild-hunt-yennefer-2nd-edition-761568005295/250.jpg"}}, {"model": "shop.item", "pk": 259, "fields": {"title": "The Witcher 3: Wild Hunt: Dandelion (761568001761)", "slug": "277402b2-e7b5-4ca9-93b5-a57ffc7a0f9a", "price": 1649, "order": 1, "is_active": true, "description": "", "category": 8, "main_photo_xxl2": "https://www.3ona51.com/images/products/models/the-witcher-3-wild-hunt-dandelion-761568001761/250.jpg"}}, {"model": "shop.item", "pk": 260, "fields": {"title": "ABYstyle Assassin's Creed (ABYKEY012)", "slug": "968e1d8d-deea-47f1-ab00-e02a64f2b97b", "price": 249, "order": 1, "is_active": true, "description": "", "category": 7, "main_photo_xxl2": "https://www.3ona51.com/images/products/keychains_/abystyle-assassin-s-creed-abykey012/250.jpg"}}, {"model": "shop.item", "pk": 261, "fields": {"title": "ABYstyle The Walking Dead (ABYKEY205)", "slug": "1b1aa14d-dab2-4a9c-b9ef-480e8343f25d", "price": 299, "order": 1, "is_active": true, "description": "", "category": 7, "main_photo_xxl2": "https://www.3ona51.com/images/products/keychains_/abystyle-the-walking-dead-abykey205/250.jpg"}}, {"model": "shop.item", "pk": 262, "fields": {"title": "ABYstyle Far Cry Croix (ABYKEY248)", "slug": "1f2f5aea-739f-4b99-8ea6-4f897b87ff7d", "price": 249, "order": 1, "is_active": true, "description": "", "category": 7, "main_photo_xxl2": "https://www.3ona51.com/images/products/keychains_/abystyle-far-cry-croix-abykey248/250.jpg"}}, {"model": "shop.item", "pk": 263, "fields": {"title": "ABYstyle Overwatch D.VA (ABYKEY215)", "slug": "5d9be7a6-81a2-438f-9a57-39dd749d198e", "price": 199, "order": 1, "is_active": true, "description": "", "category": 7, "main_photo_xxl2": "https://www.3ona51.com/images/products/keychains_/abystyle-overwatch-d-va-abykey215/250.jpg"}}, {"model": "shop.item", "pk": 264, "fields": {"title": "ABYstyle Overwatch Blackwatch (ABYKEY264)", "slug": "d4308101-d2b6-42be-b47c-559a78bb3501", "price": 249, "order": 1, "is_active": true, "description": "", "category": 7, "main_photo_xxl2": "https://www.3ona51.com/images/products/keychains_/abystyle-overwatch-blackwatch-abykey264/250.jpg"}}, {"model": "shop.item", "pk": 265, "fields": {"title": "ABYstyle DC Comics Logo Superman (ABYKEY054)", "slug": "98f60d5b-53e4-4b8e-83e0-94bd728356ce", "price": 199, "order": 1, "is_active": true, "description": "", "category": 7, "main_photo_xxl2": "https://www.3ona51.com/images/products/keychains_/abystyle-dc-comics-logo-superman-abykey054/250.jpg"}}, {"model": "shop.item", "pk": 266, "fields": {"title": "ABYstyle Harry Potter (ABYKEY192)", "slug": "d467e1c1-3889-4924-a725-635c39de9795", "price": 249, "order": 1, "is_active": true, "description": "", "category": 7, "main_photo_xxl2": "https://www.3ona51.com/images/products/keychains_/abystyle-harry-potter-abykey192/250.jpg"}}, {"model": "shop.item", "pk": 267, "fields": {"title": "ABYstyle Assassin's Creed (ABYKEY249)", "slug": "1ef53465-6b7c-485a-928d-9defe3241702", "price": 249, "order": 1, "is_active": true, "description": "", "category": 7, "main_photo_xxl2": "https://www.3ona51.com/images/products/keychains_/abystyle-assassin-s-creed-abykey249/250.jpg"}}, {"model": "shop.item", "pk": 268, "fields": {"title": "ABYstyle Overwatch (ABYKEY170)", "slug": "3a866b3d-be05-425e-bbca-8de19aa9c4f3", "price": 199, "order": 1, "is_active": true, "description": "", "category": 7, "main_photo_xxl2": "https://www.3ona51.com/images/products/keychains_/abystyle-overwatch-abykey170/250.jpg"}}, {"model": "shop.item", "pk": 269, "fields": {"title": "ABYstyle Rick and Morty Pickle Rick (ABYKEY252)", "slug": "a4c20446-6d1a-4e89-af94-12bebcb639f0", "price": 249, "order": 1, "is_active": true, "description": "", "category": 7, "main_photo_xxl2": "https://www.3ona51.com/images/products/keychains_/abystyle-rick-and-morty-pickle-rick-abykey252/250.jpg"}}, {"model": "shop.item", "pk": 270, "fields": {"title": "ABYstyle Assassin's Creed (ABYKEY080)", "slug": "dc4a6c71-08a1-483b-aaa7-da5879530a71", "price": 249, "order": 1, "is_active": true, "description": "", "category": 7, "main_photo_xxl2": "https://www.3ona51.com/images/products/keychains_/abystyle-assassin-s-creed-abykey080/250.jpg"}}, {"model": "shop.item", "pk": 271, "fields": {"title": "ABYstyle Heathstone Rosace (ABYKEY200)", "slug": "dad2c9e0-a40c-4ac5-b34c-4179e9a9237d", "price": 299, "order": 1, "is_active": true, "description": "", "category": 7, "main_photo_xxl2": "https://www.3ona51.com/images/products/keychains_/abystyle-heathstone-rosace-abykey200/250.jpg"}}, {"model": "shop.item", "pk": 272, "fields": {"title": "ABYstyle DC Comics Logo Batman (ABYKEY053)", "slug": "0fd12e35-052d-4a21-9708-c1cf0af28a63", "price": 249, "order": 1, "is_active": true, "description": "", "category": 7, "main_photo_xxl2": "https://www.3ona51.com/images/products/keychains_/abystyle-dc-comics-logo-batman-abykey053/250.jpg"}}, {"model": "shop.item", "pk": 273, "fields": {"title": "ABYstyle DC Comics Logo Wonder Woman (ABYKEY171)", "slug": "646fbf57-e65c-405f-ad87-1c468e9b10c2", "price": 249, "order": 1, "is_active": true, "description": "", "category": 7, "main_photo_xxl2": "https://www.3ona51.com/images/products/keychains_/abystyle-dc-comics-logo-wonder-woman-abykey171/250.jpg"}}, {"model": "shop.item", "pk": 274, "fields": {"title": "ABYstyle DC Comics (ABYKEY167)", "slug": "f4af0433-1d41-4656-ab4d-62f496ee1c70", "price": 449, "order": 1, "is_active": true, "description": "", "category": 7, "main_photo_xxl2": "https://www.3ona51.com/images/products/keychains_/abystyle-dc-comics-abykey167/250.jpg"}}, {"model": "shop.item", "pk": 275, "fields": {"title": "Rick & Morty - Pickled Rick 3D Rubber Keychain (KE851414RMT)", "slug": "c94dc6e2-3eb5-4f8b-aabe-2a545c803536", "price": 339, "order": 1, "is_active": true, "description": "", "category": 7, "main_photo_xxl2": "https://www.3ona51.com/images/products/keychains_/rick-morty--pickled-rick-3d-rubber-keychain-ke851414rmt/250.jpg"}}, {"model": "shop.item", "pk": 276, "fields": {"title": "Adventure Time - Sitting Finn Rubber Keychain (KE260329ADV)", "slug": "17dffc37-10f7-4c59-95e3-405a9e64d806", "price": 139, "order": 1, "is_active": true, "description": "", "category": 7, "main_photo_xxl2": "https://www.3ona51.com/images/products/keychain/adventure-time-sitting-finn-rubber-keychain-ke260329adv/250.jpg"}}, {"model": "shop.item", "pk": 277, "fields": {"title": "Fallout - 3D Metal Keychain (KE255707FAL)", "slug": "dfe58608-2683-4a24-8619-1cea0b9e6a88", "price": 339, "order": 1, "is_active": true, "description": "", "category": 7, "main_photo_xxl2": "https://www.3ona51.com/images/products/keychains_/fallout--3d-metal-keychain-ke255707fal/250.jpg"}}, {"model": "shop.item", "pk": 278, "fields": {"title": "Assassin's Creed Odyssey - Odyssey Logo Metal Keychain (KE234321ACO)", "slug": "a390c2ac-d729-4680-b7b8-99a362df8c4b", "price": 239, "order": 1, "is_active": true, "description": "", "category": 7, "main_photo_xxl2": "https://www.3ona51.com/images/products/keychain/assassins-creed-odyssey-odysse-logo-metal-keychain-ke234321aco/250.jpg"}}, {"model": "shop.item", "pk": 279, "fields": {"title": "Adventure Time - Lumpy Space Princess Rubber Keychain (KE260330ADV)", "slug": "ef8b2106-4a26-44f3-80cf-d02aba0b978d", "price": 175, "order": 1, "is_active": true, "description": "", "category": 7, "main_photo_xxl2": "https://www.3ona51.com/images/products/keychain/adventure-time-lumpy-space-princess-rubber-keychain-ke260330adv/250.jpg"}}, {"model": "shop.item", "pk": 280, "fields": {"title": "ABYstyle Harry Potter (ABYMUG521)", "slug": "747f8b9e-f268-4038-8fe8-71075ded8cf3", "price": 599, "order": 1, "is_active": true, "description": "", "category": 9, "main_photo_xxl2": "https://www.3ona51.com/images/products/cups_/abystyle-harry-potter-abymug521/250.jpg"}}, {"model": "shop.item", "pk": 281, "fields": {"title": "ABYstyle Harry Potter 460ml (ABYMUG301)", "slug": "52a8eb26-489a-4fd3-9999-3cffc8462e9b", "price": 499, "order": 1, "is_active": true, "description": "", "category": 9, "main_photo_xxl2": "https://www.3ona51.com/images/products/cups_/abystyle-harry-potter-460ml-abymug301/250.jpg"}}, {"model": "shop.item", "pk": 282, "fields": {"title": "Blizzard World of Warcraft: Battle for Azeroth Stein (B63241)", "slug": "90c6bd4a-84b9-474a-94a8-eef82df2883d", "price": 2269, "order": 1, "is_active": true, "description": "", "category": 9, "main_photo_xxl2": "https://www.3ona51.com/images/products/cups_/blizzard-world-of-warcraft-battle-for-azeroth-stein-b63241/250.jpg"}}, {"model": "shop.item", "pk": 283, "fields": {"title": "ABYstyle DC Comics Superman (ABYMUG446)", "slug": "047a8468-42b6-457a-ad2e-72974e1e5a24", "price": 499, "order": 1, "is_active": true, "description": "", "category": 9, "main_photo_xxl2": "https://www.3ona51.com/images/products/cups_/abystyle-dc-comics-superman-abymug446/250.jpg"}}, {"model": "shop.item", "pk": 284, "fields": {"title": "ABYstyle Assassin's Creed (ABYMUG417)", "slug": "cfcc8c03-ba5e-4ce8-a70b-61798372070e", "price": 499, "order": 1, "is_active": true, "description": "", "category": 9, "main_photo_xxl2": "https://www.3ona51.com/images/products/cups_/abystyle-assassin-s-creed-abymug417/250.jpg"}}, {"model": "shop.item", "pk": 285, "fields": {"title": "ABYstyle DC Comics  Batman & Joker (ABYMUG382)", "slug": "09df0595-0b78-4a4d-a129-c09ed3aa97e3", "price": 499, "order": 1, "is_active": true, "description": "", "category": 9, "main_photo_xxl2": "https://www.3ona51.com/images/products/cups_/abystyle-dc-comics-batman-joker-abymug382/250.jpg"}}, {"model": "shop.item", "pk": 286, "fields": {"title": "Abystyle DC COMICS BATMAN (ABYMUG363)", "slug": "6f84e781-90e7-4564-9c99-200229fc2f03", "price": 599, "order": 1, "is_active": true, "description": "", "category": 9, "main_photo_xxl2": "https://www.3ona51.com/images/products/cups_/abystyle-dc-comics-batman-abymug363/250.jpg"}}, {"model": "shop.item", "pk": 287, "fields": {"title": "ABYstyle Halo (ABYMUG242)", "slug": "a221f2d3-111f-4cee-b7a8-3b055060e516", "price": 599, "order": 1, "is_active": true, "description": "", "category": 9, "main_photo_xxl2": "https://www.3ona51.com/images/products/cups_/abystyle-halo-abymug242/250.jpg"}}, {"model": "sale.coupon", "pk": 1, "fields": {"code": "123", "valid_from": "2023-05-16T14:28:05Z", "valid_to": "2023-05-16T15:28:06Z", "discount": 50, "active": true}}, {"model": "order.order", "pk": 1, "fields": {"first_name": "Руслан", "email": "panenko.ruslan1@gmail.com", "city": "ывф", "phone": "+38(099)5543926", "address": "фыв", "comment": null, "paid": false}}, {"model": "order.order", "pk": 2, "fields": {"first_name": "asdsad", "email": "asdasd@asd", "city": "asd", "phone": "asd", "address": "asd", "comment": null, "paid": false}}, {"model": "order.orderitem", "pk": 2, "fields": {"order": 2, "product": 260, "price": "249.00", "quantity": 1}}]